smoke,temperature,humidity,fire_label
240,29.21,50,0
230,28.78,55,0
223,28.72,55,0
218,27.48,55,0
212,26.69,56,0
207,27.06,55,0
202,27.18,50,0
670,27.1,81,1
650,26.99,82,1
206,44.86,87,1
173,45.92,87,1
181,46.73,93,1
177,46.56,75,1
175,47.56,74,1
172,45.51,78,1
171,47.27,80,1
161,45.75,85,1
168,48.84,65,1
166,52.79,55,1
162,24.6,95,0
161,24.35,95,0
159,24.27,95,0
240,29.07,50,0
230,29.27,55,0
223,28.51,55,0
218,27.03,55,0
211,27.3,55,0
211,26.6,59,0
202,27.29,50,0
221,37.08,47,0
858,40.41,61,1
224,42.24,52,0
526,41.25,61,0
308,38.96,47,0
256,37.25,46,0
237,35.08,50,0
223,49.41,55,1
214,31.18,58,0
208,30.09,61,0
201,46.72,65,1
189,28.4,67,0
286,49.2,70,1
249,27.66,72,0
732,27.49,75,1
210,26.4,79,0
184,26.48,81,0
171,45.63,84,1
162,48.81,86,1
158,57.0,67,1
153,47.09,90,1
149,25.44,91,0
145,25.79,92,0
142,53.41,93,1
137,51.18,94,1
720,25.01,94,1
657,24.91,95,1
680,25.45,94,1
750,25.36,94,1
700,25.52,94,1
466,53.98,95,1
201,24.7,95,0
730,25.01,95,1
1024,25.02,95,1
111,24.54,95,0
228,34.16,95,0
264,40.12,64,0
1024,42.8,52,1
121,41.69,45,0
133,38.73,59,0
76,36.59,67,0
223,39.2,67,0
52,39.63,58,0
48,37.29,53,0
46,36.07,54,0
45,34.25,56,0
45,32.89,58,0
43,32.38,60,0
211,42.04,62,1
450,43.15,66,1
69,48.65,68,1
50,51.21,69,1
48,51.0,71,1
47,54.79,75,1
52,53.18,73,1
45,52.0,74,1
45,50.38,75,1
720,24.91,94,1
655,25.49,96,1
680,25.47,94,1
750,25.49,94,1
700,25.02,94,1
464,53.92,94,1
201,25.46,95,0
730,24.73,95,1
1024,25.01,95,1
111,24.78,95,0
228,33.95,95,0
264,39.59,64,0
1024,43.08,52,1
44,48.9,40,0
78,54.1,32,0
1024,52.6,28,1
78,47.3,41,0
101,42.3,53,0
405,38.99,95,0
122,36.91,67,0
310,36.76,81,0
207,39.32,49,0
1024,36.95,48,1
76,35.42,48,0
430,33.99,54,0
46,31.8,59,0
590,30.58,64,1
620,29.44,66,1
650,28.75,71,1
690,28.85,73,1
730,27.88,77,1
760,28.3,60,1
782,27.49,60,1
730,27.25,60,1
710,26.78,65,1
685,26.65,65,1
800,26.72,65,1
850,26.91,65,1
890,26.75,65,1
910,26.17,65,1
930,25.95,65,1
875,25.72,50,1
860,25.46,50,1
850,25.92,65,1
980,25.79,65,1
960,25.61,65,1
910,25.97,65,1
820,25.38,50,1
745,44.78,50,1
43,25.2,95,0
720,49.94,55,1
452,24.76,96,0
420,24.82,95,0
430,24.97,95,0
410,24.93,95,0
350,25.57,95,0
550,25.57,95,0
560,25.45,95,0
570,24.62,95,0
620,25.5,95,1
650,25.24,95,1
630,25.27,95,1
700,25.13,95,1
780,24.98,95,1
740,24.89,95,1
762,25.5,95,1
759,25.53,96,1
760,25.53,95,1
850,26.17,95,1
840,26.4,95,1
890,26.33,95,1
950,26.58,95,1
960,26.92,95,1
945,26.39,95,1
620,27.11,95,1
252,51.01,69,1
1027,34.16,86,1
1025,32.83,71,1
398,33.11,68,0
64,31.77,67,0
310,37.54,85,0
1021,42.59,73,1
1024,46.64,42,1
48,44.78,39,0
1024,41.6,40,1
868,39.14,42,1
1024,36.87,44,1
41,34.83,49,0
46,33.18,52,0
39,32.87,54,0
38,31.64,58,0
38,30.09,55,0
45,29.19,50,0
38,28.44,50,0
38,28.35,50,0
46,28.59,52,0
43,27.86,50,0
41,27.03,53,0
43,27.58,50,0
37,27.09,50,0
37,26.5,50,0
37,26.72,55,0
37,26.88,55,0
43,26.78,55,0
45,26.49,59,0
46,26.43,58,0
47,26.23,56,0
47,25.56,59,0
38,25.35,99,0
47,25.82,98,0
43,49.18,95,1
37,49.43,95,1
43,49.21,95,1
46,49.77,95,1
46,49.38,95,1
46,26.2,95,0
46,25.48,95,0
46,25.74,95,0
44,26.36,98,0
42,25.25,95,0
42,25.03,95,0
42,25.87,95,0
44,25.05,97,0
45,25.43,96,0
41,24.9,95,0
42,25.58,95,0
42,24.8,95,0
42,25.18,95,0
45,25.43,99,0
43,24.91,95,0
36,24.78,95,0
41,25.55,95,0
42,25.1,99,0
45,24.81,98,0
169,47.74,95,1
1026,24.76,99,1
55,25.06,95,0
1028,24.89,97,1
1025,25.26,98,1
70,25.05,95,0
1024,24.86,95,1
1026,24.64,97,1
1028,25.26,99,1
46,25.72,95,0
154,49.18,95,1
61,29.87,95,0
61,31.7,95,0
123,35.37,76,0
1024,35.43,70,1
169,33.83,65,0
42,36.42,83,0
207,53.48,62,1
984,34.13,60,1
1024,37.14,48,1
76,35.25,48,0
430,34.42,54,0
46,32.45,59,0
590,30.68,64,1
620,30.28,66,1
650,29.12,71,1
690,28.98,73,1
730,28.35,77,1
760,28.26,80,1
783,27.4,87,1
730,27.64,88,1
710,27.48,95,1
685,26.66,95,1
800,27.16,95,1
850,26.14,95,1
890,26.14,95,1
910,26.35,95,1
930,26.17,95,1
875,26.04,95,1
862,25.56,98,1
850,25.61,95,1
980,25.57,95,1
960,25.72,95,1
910,25.71,95,1
820,25.54,95,1
745,45.39,55,1
43,25.39,95,0
720,49.73,55,1
450,25.38,95,0
420,25.3,95,0
430,24.99,95,0
410,25.22,95,0
350,24.94,95,0
550,25.44,95,0
560,25.2,95,0
570,25.44,95,0
623,25.35,96,1
652,25.38,97,1
633,25.62,98,1
704,25.32,98,1
781,25.3,96,1
744,24.9,98,1
762,25.26,95,1
755,25.93,95,1
760,25.96,95,1
850,25.85,95,1
840,26.42,95,1
890,26.43,95,1
952,26.56,96,1
960,26.57,95,1
948,26.64,96,1
620,27.03,95,1
249,50.76,65,1
1027,34.18,87,1
1024,33.27,70,1
41,24.68,98,0
38,24.74,95,0
40,25.43,96,0
38,24.94,95,0
38,24.22,95,0
43,24.41,95,0
42,24.92,95,0
42,24.47,95,0
45,25.41,98,0
41,24.95,95,0
45,24.65,95,0
42,24.99,95,0
41,25.2,95,0
33,25.23,95,0
41,25.19,95,0
41,24.57,95,0
40,25.23,95,0
40,24.94,95,0
40,25.08,95,0
40,24.77,95,0
40,25.01,95,0
40,24.91,95,0
1024,36.8,48,1
76,35.08,48,0
434,34.55,56,0
46,32.39,59,0
590,30.23,64,1
620,29.8,66,1
650,29.14,71,1
690,29.03,73,1
730,28.18,77,1
760,27.49,80,1
782,27.93,83,1
730,27.39,88,1
710,26.98,95,1
685,27.08,95,1
800,26.34,95,1
850,26.65,95,1
890,26.02,95,1
910,25.86,95,1
930,25.73,95,1
875,25.79,95,1
860,25.8,95,1
850,25.69,95,1
980,25.39,95,1
960,25.41,95,1
910,25.29,95,1
820,25.79,95,1
745,44.73,55,1
43,25.04,95,0
720,49.99,55,1
450,25.65,95,0
420,25.33,95,0
430,24.87,95,0
410,24.72,95,0
350,25.53,95,0
550,25.46,95,0
561,25.88,98,0
570,24.66,95,0
38,30.93,55,0
45,29.22,50,0
38,28.32,50,0
38,28.79,50,0
43,27.81,50,0
43,27.43,50,0
37,27.85,50,0
43,27.49,50,0
37,26.97,50,0
37,27.35,50,0
37,27.15,55,0
37,26.76,55,0
43,26.3,55,0
44,26.67,56,0
43,26.52,55,0
45,25.92,59,0
44,25.66,58,0
41,26.1,98,0
43,25.8,95,0
29,49.18,95,1
36,49.36,95,1
39,25.73,96,0
37,25.43,98,0
40,25.81,98,0
29,25.63,95,0
36,25.54,95,0
36,26.06,95,0
40,25.22,97,0
972,25.55,95,1
40,25.68,96,0
30,26.08,95,0
40,25.57,99,0
41,25.63,96,0
30,25.84,95,0
40,25.59,97,0
29,25.3,95,0
29,25.07,95,0
39,25.76,99,0
67,25.36,95,0
30,25.79,95,0
32,25.76,96,0
37,25.27,95,0
40,25.59,99,0
37,25.65,95,0
39,24.91,96,0
41,25.81,98,0
37,24.91,95,0
147,25.26,95,0
1028,24.67,97,1
41,25.52,96,0
38,25.11,97,0
1018,25.61,95,1
38,25.44,96,0
36,25.68,95,0
36,25.6,95,0
36,25.08,95,0
28,25.91,95,0
56,25.58,95,0
61,25.87,95,0
38,25.41,99,0
1025,24.83,99,1
40,25.6,95,0
31,25.36,95,0
1024,25.51,95,1
42,26.17,98,0
39,25.79,95,0
39,25.49,95,0
39,25.36,95,0
39,25.88,95,0
41,26.12,99,0
245,25.0,95,0
254,25.53,95,0
1024,25.87,95,1
1024,25.39,95,1
97,25.4,95,0
38,25.03,95,0
38,25.79,95,0
41,25.38,97,0
38,25.62,95,0
31,25.12,95,0
42,25.23,99,0
38,25.77,95,0
38,25.19,95,0
38,25.07,95,0
38,25.26,95,0
40,25.73,99,0
38,25.65,95,0
30,25.22,95,0
480,25.6,95,0
38,25.35,95,0
1024,25.75,95,1
1024,25.86,95,1
189,25.6,95,0
1024,25.2,95,1
70,25.5,95,0
42,25.49,95,0
192,25.4,95,0
1021,25.4,95,1
346,48.9,65,1
38,25.09,95,0
38,25.47,97,0
40,25.52,97,0
37,25.14,95,0
39,25.85,96,0
37,25.4,95,0
37,25.0,95,0
41,25.63,99,0
38,25.91,98,0
41,25.48,97,0
38,25.62,96,0
41,24.82,96,0
1024,25.71,95,1
65,25.4,95,0
57,25.4,95,0
182,54.1,75,1
110,25.5,95,0
82,25.5,95,0
223,25.6,95,0
77,25.6,95,0
242,50.2,75,1
845,25.6,95,1
148,25.6,95,0
1026,25.72,98,1
69,25.6,95,0
13,25.2,95,0
13,25.94,95,0
16,49.58,95,1
5,33.58,95,0
180,42.79,77,0
200,49.51,57,1
250,56.21,39,1
1024,58.15,26,1
61,52.93,29,1
43,48.0,34,1
40,43.66,37,1
37,36.93,47,0
37,34.7,53,0
37,34.26,57,0
37,32.63,60,0
37,31.7,64,0
80,30.91,68,0
99,30.27,71,0
116,29.39,74,0
806,29.26,78,1
720,29.34,84,1
1013,28.88,84,1
650,28.97,91,1
70,28.37,95,0
590,28.22,95,1
960,28.11,95,1
650,27.94,95,1
630,27.64,95,1
640,27.4,95,1
750,26.84,95,1
760,26.96,95,1
790,26.73,95,1
800,26.83,95,1
840,26.49,95,1
860,26.44,95,1
890,51.03,95,1
950,50.61,95,1
960,45.86,95,1
980,47.44,95,1
990,45.03,95,1
32,26.4,95,0
32,26.25,95,0
1024,26.47,95,1
900,26.51,95,1
126,26.2,95,0
37,26.1,95,0
36,26.7,95,0
35,38.07,91,0
36,44.54,99,0
33,53.0,41,0
1013,59.61,33,1
818,59.55,25,1
818,55.25,26,1
36,49.22,32,1
48,50.35,41,0
48,53.11,28,0
1024,50.03,31,1
806,29.08,78,1
720,29.27,84,1
1013,28.48,84,1
650,28.3,91,1
70,28.14,95,0
590,28.33,95,1
960,27.79,95,1
650,27.83,95,1
630,27.59,95,1
640,26.94,95,1
750,27.57,95,1
760,27.38,95,1
790,26.66,95,1
800,26.77,95,1
840,26.72,95,1
860,26.36,95,1
890,50.96,95,1
950,50.32,95,1
960,46.51,95,1
980,46.99,95,1
990,45.53,95,1
32,26.03,95,0
32,25.82,95,0
1024,25.8,95,1
900,26.59,95,1
33,26.8,95,0
33,26.93,95,0
33,26.91,95,0
33,26.37,95,0
33,26.57,95,0
33,26.31,95,0
37,26.31,97,0
33,25.92,95,0
34,26.27,95,0
32,49.09,95,1
32,49.05,95,1
144,49.26,95,1
60,49.25,95,1
992,49.69,95,1
85,49.45,95,1
45,49.11,95,1
121,49.62,95,1
987,26.18,95,1
51,26.49,95,0
148,25.93,95,0
934,49.61,95,1
157,25.93,95,0
136,25.62,95,0
36,26.12,95,0
37,26.15,95,0
41,25.8,99,0
36,26.28,95,0
36,26.49,95,0
36,25.65,95,0
36,26.39,95,0
29,25.91,95,0
40,25.93,99,0
36,26.0,95,0
34,25.83,95,0
654,49.49,81,1
700,49.4,85,1
750,49.52,65,1
780,49.52,60,1
900,49.28,90,1
800,49.11,85,1
850,49.15,70,1
840,49.12,65,1
600,49.02,50,1
630,49.98,65,1
640,49.15,55,1
690,49.85,60,1
790,25.71,75,0
750,49.24,70,1
780,49.01,75,1
760,49.76,85,1
740,49.38,80,1
750,49.01,70,1
790,49.2,60,1
33,25.9,65,0
33,26.35,95,0
34,25.96,98,0
28,25.9,95,0
38,30.57,55,0
45,29.32,50,0
38,28.52,50,0
38,28.2,50,0
47,27.94,52,0
43,27.31,50,0
37,27.6,50,0
47,27.37,52,0
37,27.23,50,0
40,26.98,51,0
37,26.52,55,0
37,27.1,55,0
45,26.15,56,0
43,26.63,55,0
46,26.0,56,0
46,26.64,57,0
46,25.5,59,0
40,25.63,96,0
43,26.13,95,0
38,25.53,95,0
650,49.51,80,1
700,49.54,85,1
750,49.35,65,1
780,49.03,60,1
900,49.79,90,1
800,49.57,85,1
850,49.72,70,1
60,49.05,65,1
650,49.06,50,1
690,49.67,65,1
700,49.38,55,1
900,49.86,60,1
1010,26.11,75,0
1027,49.75,72,1
900,49.33,75,1
982,49.72,86,1
970,49.69,80,1
800,49.85,70,1
850,49.09,60,1
158,26.28,95,0
1015,25.72,95,1
36,25.6,98,0
37,25.77,97,0
29,25.8,95,0
33,25.48,95,0
32,25.73,95,0
158,26.07,95,0
221,51.34,68,1
961,25.61,95,1
650,49.97,80,1
700,49.29,85,1
750,49.99,65,1
780,49.05,60,1
900,49.68,90,1
800,49.95,85,1
850,49.03,70,1
840,49.0,65,1
600,49.42,50,1
630,49.83,65,1
640,49.88,55,1
692,49.09,61,1
790,26.16,75,0
750,49.49,70,1
783,49.81,78,1
760,49.54,85,1
740,49.01,80,1
750,49.38,70,1
790,49.94,60,1
38,26.19,95,0
650,49.83,80,1
700,49.24,85,1
750,49.1,65,1
780,49.7,60,1
900,49.74,90,1
800,49.42,85,1
850,49.08,70,1
60,49.43,65,1
650,49.13,50,1
690,49.16,65,1
700,49.46,55,1
900,49.87,60,1
1010,26.09,75,0
1024,49.7,70,1
900,49.12,75,1
980,49.61,85,1
970,49.06,80,1
800,49.53,70,1
850,49.39,60,1
158,25.32,95,0
1015,26.18,95,1
36,25.66,95,0
36,25.1,95,0
36,25.58,95,0
29,25.68,95,0
36,25.17,95,0
36,25.67,95,0
650,49.42,80,1
700,49.32,85,1
750,49.13,65,1
780,49.21,60,1
900,49.66,90,1
800,49.88,85,1
850,49.8,70,1
840,49.08,65,1
600,49.5,50,1
630,49.92,65,1
640,49.01,55,1
690,49.08,60,1
790,26.09,75,0
750,49.33,70,1
784,49.41,77,1
763,49.48,88,1
740,49.53,80,1
750,49.09,70,1
790,49.31,60,1
38,25.99,95,0
650,49.54,80,1
700,49.27,85,1
750,49.5,65,1
780,49.8,60,1
900,49.24,90,1
800,49.02,85,1
850,49.68,70,1
60,49.97,65,1
650,49.74,50,1
690,49.81,65,1
700,49.66,55,1
900,49.18,60,1
1010,25.87,75,0
1024,49.1,70,1
900,49.32,75,1
980,49.92,85,1
970,49.82,80,1
800,49.13,70,1
850,49.63,60,1
158,25.44,95,0
1015,25.44,95,1
33,26.02,95,0
33,25.96,95,0
33,25.74,95,0
34,25.74,99,0
36,25.01,99,0
33,25.45,95,0
650,49.96,80,1
700,49.48,85,1
750,49.22,65,1
780,49.76,60,1
900,49.77,90,1
800,49.31,85,1
850,49.95,70,1
840,49.1,65,1
600,49.2,50,1
630,49.6,65,1
640,49.12,55,1
693,48.69,62,1
790,26.13,75,0
750,49.72,70,1
780,49.66,75,1
761,49.4,89,1
740,49.99,80,1
750,50.0,70,1
790,49.95,60,1
38,25.78,95,0
650,49.5,80,1
700,49.33,85,1
750,49.85,65,1
780,49.22,60,1
900,49.23,90,1
800,49.22,85,1
850,49.47,70,1
60,49.52,65,1
650,49.66,50,1
690,49.51,65,1
700,49.13,55,1
900,49.16,60,1
1010,26.36,75,0
1024,49.02,70,1
900,49.97,75,1
980,49.31,85,1
970,49.87,80,1
800,49.75,70,1
850,49.33,60,1
158,25.85,95,0
1015,26.13,95,1
37,25.26,99,0
650,49.52,80,1
700,49.3,85,1
750,49.12,65,1
780,49.88,60,1
900,49.01,90,1
800,49.59,85,1
850,49.22,70,1
840,49.59,65,1
600,49.61,50,1
630,49.03,65,1
640,49.32,55,1
690,49.25,60,1
790,25.63,75,0
750,49.2,70,1
780,49.18,75,1
760,49.44,85,1
740,49.22,80,1
750,49.44,70,1
790,49.59,60,1
40,26.04,99,0
650,49.19,80,1
700,49.81,85,1
750,49.09,65,1
780,49.26,60,1
900,49.69,90,1
800,49.28,85,1
850,49.13,70,1
61,49.28,66,1
650,49.15,50,1
690,49.39,65,1
700,49.82,55,1
900,49.22,60,1
1010,26.43,75,0
1024,49.72,70,1
900,49.07,75,1
980,49.88,85,1
970,49.27,80,1
800,49.4,70,1
850,49.49,60,1
158,25.92,95,0
1015,25.74,95,1
900,49.97,80,1
910,45.01,85,1
960,56.11,65,1
980,55.18,60,1
690,53.92,90,1
620,52.65,85,1
630,49.82,70,1
610,45.1,65,1
650,45.94,50,1
780,49.66,65,1
850,51.04,55,1
800,49.06,60,1
790,25.85,75,0
750,49.56,70,1
780,49.6,75,1
760,49.23,85,1
740,49.05,80,1
750,49.23,70,1
790,49.05,60,1
38,25.85,95,0
652,49.17,82,1
700,49.36,85,1
750,49.62,65,1
780,49.06,60,1
900,49.14,90,1
800,49.92,85,1
850,49.88,70,1
63,49.57,68,1
650,49.31,50,1
690,49.4,65,1
700,49.8,55,1
900,49.61,60,1
1010,25.9,75,0
1024,49.92,70,1
900,49.44,75,1
984,49.48,87,1
970,49.5,80,1
800,49.83,70,1
850,49.29,60,1
158,25.76,95,0
1015,26.23,95,1
36,24.92,95,0
38,24.69,98,0
29,25.4,95,0
39,25.91,99,0
36,25.31,95,0
36,25.09,95,0
36,25.4,95,0
370,25.3,95,0
380,25.3,95,0
40,24.99,99,0
390,48.5,65,1
310,52.3,55,1
320,47.47,58,1
340,49.55,54,1
350,46.31,60,1
28,25.35,95,0
28,25.87,95,0
39,25.03,98,0
40,25.37,97,0
38,25.51,99,0
40,24.47,97,0
36,25.79,95,0
34,25.08,95,0
28,25.68,95,0
36,25.17,99,0
37,25.23,98,0
34,25.3,95,0
38,25.68,97,0
38,25.11,98,0
51,24.95,95,0
41,24.48,95,0
38,24.82,95,0
40,25.1,96,0
37,24.74,95,0
36,24.68,95,0
177,25.49,95,0
216,24.95,95,0
807,24.77,95,1
41,24.44,97,0
38,24.83,95,0
31,24.77,95,0
257,25.02,95,0
410,44.71,50,1
390,54.86,55,1
365,47.89,58,1
324,24.88,96,0
145,25.24,95,0
230,25.6,95,0
450,25.49,95,0
320,25.56,95,0
40,25.01,97,0
31,24.96,95,0
39,24.72,98,0
42,25.35,97,0
42,25.54,98,0
868,25.68,95,1
70,25.56,95,0
916,25.92,95,1
39,25.7,95,0
38,25.7,95,0
650,49.24,50,1
690,49.87,65,1
700,49.22,55,1
900,49.49,60,1
1010,26.17,75,0
1028,49.46,73,1
900,49.25,75,1
980,49.36,85,1
970,49.77,80,1
800,49.0,70,1
850,49.41,60,1
158,25.51,95,0
1015,25.46,95,1
900,50.09,80,1
910,44.85,85,1
960,55.97,65,1
980,55.02,60,1
690,53.73,90,1
620,52.86,85,1
630,49.76,70,1
610,45.35,65,1
650,46.05,50,1
780,49.74,65,1
850,50.53,55,1
800,49.05,60,1
790,26.22,75,0
750,49.69,70,1
780,49.19,75,1
760,49.05,85,1
740,49.32,80,1
750,49.92,70,1
790,49.37,60,1
38,25.8,95,0
650,49.65,80,1
700,49.05,85,1
750,49.46,65,1
780,49.13,60,1
900,49.22,90,1
800,49.86,85,1
850,49.99,70,1
60,49.67,65,1
650,49.98,50,1
690,49.46,65,1
700,49.71,55,1
900,49.28,60,1
1010,25.77,75,0
1024,49.74,70,1
900,49.71,75,1
980,49.5,85,1
970,49.73,80,1
800,49.05,70,1
850,49.9,60,1
38,26.44,95,0
38,26.77,95,0
38,26.17,95,0
31,26.3,95,0
38,26.68,95,0
39,26.3,95,0
37,26.52,95,0
40,26.17,97,0
36,26.3,95,0
38,26.61,95,0
38,26.28,95,0
106,26.4,95,0
1024,26.4,95,1
903,26.4,95,1
82,26.4,95,0
157,26.3,95,0
727,26.3,95,1
293,26.36,96,0
533,25.82,95,0
50,26.04,95,0
592,25.82,95,1
964,26.38,95,1
914,26.57,95,1
34,26.07,99,0
32,33.24,95,0
32,42.15,66,0
741,41.98,62,1
40,43.07,45,0
40,41.41,58,0
934,43.69,43,1
640,41.45,43,1
928,46.4,58,1
104,49.16,38,0
37,46.77,37,0
37,43.63,38,0
41,39.67,43,0
69,37.13,47,0
41,35.58,51,0
60,33.75,56,0
59,33.44,63,0
51,31.64,62,0
60,31.08,65,0
42,30.38,68,0
94,29.39,72,0
64,29.33,75,0
61,28.94,79,0
955,28.5,83,1
34,28.02,87,0
58,28.17,89,0
52,27.85,95,0
36,29.17,95,0
74,52.77,84,0
972,59.8,31,1
958,58.3,35,1
826,52.1,37,1
528,47.1,38,1
963,43.4,43,1
123,40.4,47,0
886,43.6,57,1
70,45.1,44,0
938,42.3,45,1
857,39.0,50,1
192,36.9,53,0
109,35.1,57,0
672,33.8,61,1
801,32.6,64,1
951,31.8,68,1
1024,31.0,71,1
103,30.6,95,0
824,47.8,52,1
48,48.4,39,0
812,44.5,42,1
900,42.01,46,1
786,39.48,50,1
604,37.08,53,1
907,35.5,56,1
833,34.57,62,1
62,33.81,64,0
64,32.11,66,0
64,31.58,70,0
78,30.98,76,0
56,30.33,75,0
64,30.35,79,0
65,30.12,82,0
62,29.41,86,0
52,29.45,89,0
60,28.82,92,0
64,28.89,93,0
58,28.29,93,0
56,27.55,96,0
650,29.71,68,1
630,28.82,68,1
680,28.9,95,1
780,27.63,92,1
790,26.69,84,1
800,27.39,95,1
810,26.93,82,1
830,26.95,81,1
850,26.4,82,1
890,45.34,87,1
940,45.89,87,1
181,46.81,93,1
177,47.22,75,1
175,46.88,74,1
172,46.37,78,1
172,46.36,82,1
161,46.26,85,1
168,49.74,65,1
166,52.21,55,1
162,24.82,95,0
161,24.09,95,0
159,24.36,95,0
465,53.3,55,1
831,24.3,95,1
246,50.8,68,1
207,51.0,62,1
293,50.0,83,1
388,52.0,95,1
248,55.5,53,1
221,36.84,47,0
858,40.81,61,1
224,42.39,52,0
526,40.75,61,0
308,38.89,47,0
256,36.88,46,0
237,34.43,50,0
223,48.95,55,1
214,31.2,58,0
208,29.81,61,0
201,46.17,65,1
189,28.34,67,0
286,48.72,70,1
249,27.98,72,0
732,26.78,75,1
210,26.93,79,0
184,26.68,81,0
171,45.68,84,1
162,48.8,86,1
158,56.71,67,1
153,46.7,90,1
149,25.5,91,0
145,25.97,92,0
142,53.2,93,1
137,51.53,94,1
720,25.53,94,1
654,24.85,94,1
680,24.84,94,1
750,24.81,94,1
700,25.54,94,1
464,54.11,94,1
201,25.23,95,0
730,25.13,95,1
1024,24.63,95,1
111,24.41,95,0
228,33.81,95,0
264,39.58,64,0
1024,42.54,52,1
121,41.74,45,0
133,39.39,59,0
76,36.96,67,0
223,39.35,67,0
52,39.59,58,0
48,37.08,53,0
46,36.16,54,0
45,34.55,56,0
45,33.48,58,0
43,31.91,60,0
211,42.47,62,1
450,43.38,66,1
69,48.87,68,1
50,51.9,69,1
48,50.28,71,1
46,54.69,72,1
52,52.95,73,1
45,51.87,74,1
45,50.47,75,1
650,29.41,68,1
630,29.22,68,1
680,28.69,95,1
780,27.05,92,1
790,26.7,84,1
800,26.67,95,1
810,27.31,82,1
830,27.16,81,1
850,26.47,82,1
890,45.02,87,1
940,46.7,87,1
181,47.11,93,1
177,46.49,75,1
175,46.94,74,1
172,45.73,78,1
175,46.56,81,1
161,46.52,85,1
168,49.76,65,1
166,52.04,55,1
122,36.58,67,0
310,36.67,81,0
207,39.16,49,0
1024,37.31,48,1
76,35.2,48,0
430,34.15,54,0
46,32.4,59,0
590,30.15,64,1
620,29.94,66,1
650,29.58,71,1
690,28.9,73,1
730,28.61,77,1
760,27.56,80,1
782,27.21,83,1
730,27.82,88,1
710,27.12,95,1
685,27.24,95,1
800,27.26,95,1
850,26.54,95,1
891,26.4,97,1
910,26.5,95,1
930,26.28,95,1
875,25.92,95,1
862,26.2,97,1
853,25.32,97,1
980,25.31,95,1
960,25.85,95,1
910,25.82,95,1
820,25.64,95,1
745,44.9,55,1
43,25.53,95,0
720,49.87,55,1
454,24.49,96,0
420,25.1,95,0
430,25.5,95,0
410,25.1,95,0
350,25.68,95,0
550,24.64,95,0
560,25.34,95,0
570,25.39,95,0
621,24.88,99,1
650,24.72,95,1
630,24.77,95,1
700,24.86,95,1
780,25.37,95,1
740,24.85,95,1
762,25.35,95,1
755,25.51,95,1
760,26.03,95,1
850,26.43,95,1
840,25.76,95,1
891,25.49,97,1
950,26.79,95,1
962,26.45,99,1
945,26.67,95,1
620,26.96,95,1
249,49.84,65,1
1024,33.41,83,1
1026,33.46,73,1
400,32.68,69,0
64,31.61,67,0
310,37.15,85,0
1021,41.81,73,1
1024,47.02,42,1
48,45.48,39,0
1024,42.39,40,1
868,39.11,42,1
1024,37.55,44,1
310,37.18,81,0
207,39.15,49,0
1024,37.25,48,1
76,35.41,48,0
430,33.93,54,0
46,32.23,59,0
590,29.97,64,1
620,30.22,66,1
650,29.13,71,1
690,29.17,73,1
730,27.98,77,1
760,27.64,80,1
784,27.48,85,1
730,27.65,88,1
710,26.93,95,1
685,26.75,95,1
800,26.87,95,1
850,26.58,95,1
890,26.76,95,1
910,26.65,95,1
930,26.02,95,1
875,25.44,95,1
864,26.07,97,1
850,25.77,95,1
980,25.27,95,1
960,25.8,95,1
910,25.05,95,1
820,25.0,95,1
745,44.66,55,1
43,25.64,95,0
720,50.19,55,1
450,25.0,95,0
420,25.59,95,0
430,25.38,95,0
410,25.09,95,0
41,24.66,95,0
41,25.16,95,0
45,24.78,96,0
169,48.13,95,1
1027,25.59,97,1
55,25.3,95,0
1026,25.44,98,1
1024,24.78,95,1
70,25.04,95,0
1024,25.05,95,1
1026,25.08,97,1
1025,25.91,99,1
46,25.68,95,0
154,49.22,95,1
61,29.86,95,0
1024,25.69,95,1
1024,24.95,95,1
70,25.57,95,0
1024,25.47,95,1
1026,25.11,97,1
1028,24.94,98,1
46,25.1,95,0
154,49.06,95,1
61,29.66,95,0
61,31.32,95,0
123,35.95,76,0
1024,36.02,70,1
169,34.23,65,0
42,35.95,83,0
207,52.77,62,1
984,34.11,60,1
109,33.0,64,0
1027,25.33,98,1
1026,25.55,99,1
1026,24.92,99,1
47,25.92,98,0
154,49.93,95,1
61,29.88,95,0
1025,25.47,98,1
1025,25.03,96,1
70,24.87,95,0
1024,24.92,95,1
1028,25.2,96,1
1024,24.99,95,1
50,25.89,98,0
154,49.44,95,1
61,30.42,95,0
52,26.8,95,0
37,24.63,96,0
40,25.52,95,0
40,24.85,95,0
41,24.75,99,0
40,25.69,95,0
40,25.04,95,0
42,25.86,96,0
40,24.96,95,0
40,25.11,95,0
41,25.57,97,0
39,25.2,95,0
350,25.65,95,0
550,25.41,95,0
560,25.02,95,0
570,24.89,95,0
620,25.23,95,1
654,24.39,99,1
630,24.75,95,1
700,24.71,95,1
780,24.74,95,1
740,25.07,95,1
762,24.82,95,1
755,25.9,95,1
760,26.31,95,1
853,26.42,96,1
840,26.53,95,1
894,26.24,96,1
950,26.0,95,1
960,26.59,95,1
945,26.7,95,1
624,27.55,96,1
251,50.94,68,1
1027,33.04,86,1
1024,34.13,70,1
397,32.26,66,0
64,31.56,67,0
31,25.44,95,0
31,25.24,95,0
42,24.65,97,0
39,24.6,99,0
42,25.29,96,0
38,25.32,95,0
38,25.29,95,0
38,24.17,95,0
354,24.92,97,0
550,24.89,95,0
564,24.69,97,0
570,25.26,95,0
620,25.03,95,1
650,25.41,95,1
634,24.65,96,1
700,24.7,95,1
780,25.24,95,1
740,25.17,95,1
762,25.38,95,1
755,25.71,95,1
760,26.01,95,1
850,26.47,95,1
843,26.58,96,1
891,26.51,96,1
951,26.42,97,1
964,26.0,98,1
945,26.43,95,1
620,27.58,95,1
249,49.9,65,1
1028,33.53,84,1
1024,33.57,70,1
401,32.35,69,0
64,31.74,67,0
39,25.1,95,0
39,25.26,95,0
39,25.51,95,0
39,25.54,95,0
39,25.39,95,0
38,25.58,95,0
39,25.17,96,0
38,24.93,95,0
42,25.02,97,0
65,25.1,95,0
69,25.0,95,0
745,25.0,95,1
43,24.76,95,0
45,24.45,98,0
42,24.68,97,0
81,25.1,95,0
70,25.1,95,0
43,25.03,95,0
1026,24.98,98,1
38,24.97,95,0
39,25.58,97,0
37,29.1,95,0
353,25.81,99,0
550,25.48,95,0
560,25.23,95,0
570,24.95,95,0
620,25.47,95,1
650,25.05,95,1
634,24.36,97,1
701,25.18,98,1
780,24.73,95,1
740,25.04,95,1
762,24.63,95,1
755,26.0,95,1
760,25.67,95,1
850,26.03,95,1
840,26.27,95,1
891,26.18,98,1
954,26.07,98,1
960,26.0,95,1
945,26.29,95,1
620,27.69,95,1
251,49.9,67,1
1024,33.74,83,1
1027,33.51,71,1
397,33.06,66,0
67,31.3,70,0
29,49.3,95,1
29,49.65,95,1
36,49.08,95,1
37,26.08,99,0
38,26.72,98,0
37,25.83,99,0
29,25.62,95,0
39,25.44,96,0
36,25.36,95,0
36,25.22,95,0
972,25.89,95,1
38,25.97,95,0
30,25.92,95,0
37,25.35,95,0
37,25.92,95,0
30,25.98,95,0
37,25.9,95,0
29,25.43,95,0
29,25.74,95,0
37,25.67,95,0
67,25.83,95,0
34,25.13,99,0
30,25.38,95,0
39,26.36,99,0
39,25.43,96,0
37,25.13,95,0
40,24.77,99,0
37,25.43,95,0
41,25.12,96,0
147,25.61,95,0
1026,24.83,98,1
39,25.22,98,0
37,25.39,95,0
1018,25.14,95,1
40,25.55,98,0
38,25.0,98,0
36,25.13,95,0
37,25.89,96,0
28,25.46,95,0
56,25.25,95,0
61,25.81,95,0
37,25.69,95,0
1026,25.26,96,1
40,25.37,95,0
31,25.92,95,0
1026,25.54,98,1
40,25.07,95,0
39,25.38,95,0
39,25.41,95,0
40,25.75,96,0
39,25.47,95,0
38,25.15,95,0
245,25.36,95,0
254,25.81,95,0
1028,24.73,99,1
1024,25.09,95,1
350,25.28,95,0
550,25.3,95,0
560,25.35,95,0
570,24.85,95,0
620,25.43,95,1
650,24.83,95,1
630,25.36,95,1
703,24.64,97,1
780,24.76,95,1
740,24.87,95,1
762,25.27,95,1
755,25.75,95,1
761,26.04,97,1
850,26.37,95,1
840,26.5,95,1
890,26.63,95,1
950,26.36,95,1
961,26.53,97,1
945,26.8,95,1
620,27.21,95,1
249,50.21,65,1
1024,34.3,83,1
1028,33.44,71,1
399,31.95,70,0
67,30.94,70,0
350,24.92,95,0
550,24.69,95,0
560,25.12,95,0
570,24.76,95,0
620,25.4,95,1
650,25.22,95,1
630,24.61,95,1
704,24.43,98,1
780,25.17,95,1
740,24.97,95,1
762,24.94,95,1
757,25.76,99,1
760,26.3,95,1
850,25.67,95,1
840,26.55,95,1
890,26.72,95,1
950,25.96,95,1
960,26.48,95,1
945,26.31,95,1
620,26.79,95,1
249,50.44,65,1
1024,33.48,83,1
1025,33.64,71,1
397,32.39,66,0
64,31.07,67,0
13,25.13,95,0
13,25.96,95,0
16,50.0,95,1
5,33.78,95,0
180,42.48,77,0
200,49.81,57,1
250,55.83,39,1
1024,57.31,26,1
61,52.9,29,1
43,48.13,34,1
40,43.05,37,1
37,37.06,47,0
37,34.52,53,0
37,33.58,57,0
37,33.23,60,0
37,32.24,64,0
80,31.04,68,0
99,30.41,71,0
116,29.65,74,0
806,29.36,78,1
720,28.91,84,1
1013,28.95,84,1
350,25.36,95,0
550,25.21,95,0
560,24.73,95,0
570,25.17,95,0
620,24.86,95,1
652,24.24,96,1
630,25.19,95,1
700,25.45,95,1
780,25.05,95,1
742,24.43,98,1
762,24.78,95,1
755,25.42,95,1
760,25.99,95,1
850,26.41,95,1
840,25.93,95,1
894,25.73,99,1
953,25.81,96,1
960,26.49,95,1
945,26.47,95,1
620,27.02,95,1
252,50.72,69,1
1027,33.47,86,1
1027,33.79,73,1
397,32.25,66,0
64,31.75,67,0
33,37.28,88,0
33,44.19,95,0
33,52.83,41,0
1013,59.27,33,1
818,59.81,25,1
818,54.99,26,1
36,50.09,32,1
48,50.9,41,0
48,52.86,28,0
1024,50.16,31,1
55,46.0,35,0
37,42.5,37,0
36,39.6,42,0
36,37.5,46,0
34,35.7,49,0
34,34.3,54,0
34,33.3,57,0
34,32.3,60,0
34,31.5,64,0
34,30.8,66,0
34,30.2,69,0
33,29.7,73,0
33,29.4,77,0
33,29.0,81,0
62,28.7,82,0
81,28.4,85,0
1024,28.1,89,1
37,27.9,94,0
36,27.6,95,0
34,27.5,95,0
33,27.4,95,0
33,27.2,95,0
33,27.0,95,0
33,26.9,95,0
28,26.9,95,0
33,26.6,95,0
33,26.42,95,0
33,26.88,95,0
33,26.3,95,0
33,26.64,95,0
34,26.47,97,0
33,26.04,95,0
33,26.38,95,0
34,26.08,95,0
32,49.64,95,1
32,49.84,95,1
144,49.01,95,1
60,49.96,95,1
992,49.91,95,1
85,49.97,95,1
45,49.23,95,1
121,49.54,95,1
987,25.53,95,1
51,26.0,95,0
148,26.29,95,0
934,49.31,95,1
157,25.87,95,0
136,26.35,95,0
39,25.55,98,0
41,26.37,96,0
40,25.41,96,0
38,26.43,96,0
38,26.32,97,0
40,26.29,97,0
40,25.47,98,0
29,25.5,95,0
36,26.35,95,0
36,26.38,95,0
34,26.17,95,0
650,49.02,95,1
630,49.38,95,1
620,49.11,95,1
692,49.88,96,1
700,49.24,95,1
780,49.11,95,1
790,49.58,95,1
751,50.35,97,1
740,49.71,95,1
624,49.56,99,1
900,49.6,95,1
920,49.65,95,1
980,25.68,95,1
1010,49.79,95,1
630,49.63,95,1
690,49.84,95,1
780,49.04,95,1
790,49.17,95,1
740,49.65,95,1
750,25.55,95,1
763,26.57,97,1
660,25.6,95,1
650,25.44,95,1
640,25.42,95,1
630,25.63,95,1
610,25.79,95,1
650,25.47,95,1
690,25.5,95,1
780,25.7,95,1
790,25.53,95,1
740,26.17,95,1
750,26.04,95,1
850,25.28,95,1
860,25.81,95,1
892,26.27,98,1
950,25.32,95,1
940,25.84,95,1
990,25.69,95,1
980,45.63,65,1
561,25.0,96,0
570,25.35,95,0
620,25.12,95,1
650,24.89,95,1
631,24.69,97,1
700,24.67,95,1
780,24.89,95,1
740,24.53,95,1
762,25.08,95,1
755,25.82,95,1
760,26.19,95,1
850,26.49,95,1
840,25.77,95,1
890,26.05,95,1
951,26.53,96,1
960,26.86,95,1
945,26.5,95,1
620,27.12,95,1
253,50.74,69,1
1024,34.13,83,1
1027,33.72,71,1
397,32.55,66,0
68,31.27,69,0
33,37.72,88,0
33,44.15,95,0
37,53.78,45,0
1013,59.56,33,1
819,59.32,29,1
820,55.79,29,1
32,25.72,95,0
158,26.19,95,0
221,51.44,68,1
961,25.91,95,1
562,26.08,99,0
570,24.73,95,0
620,24.7,95,1
650,24.91,95,1
630,25.54,95,1
700,25.02,95,1
780,24.65,95,1
742,24.71,99,1
762,24.56,95,1
755,25.35,95,1
760,25.6,95,1
851,26.43,96,1
840,26.57,95,1
892,25.64,96,1
950,26.51,95,1
960,26.82,95,1
945,26.49,95,1
620,27.15,95,1
252,50.05,67,1
1028,33.95,84,1
1024,33.24,70,1
397,32.5,66,0
66,32.06,70,0
33,38.03,88,0
33,43.83,95,0
33,53.18,41,0
1017,58.47,36,1
818,59.8,25,1
820,56.06,29,1
1013,58.74,33,1
821,59.81,27,1
822,55.74,27,1
650,55.88,65,1
630,56.91,50,1
690,56.71,45,1
750,57.81,65,1
652,43.59,62,1
630,51.93,70,1
891,50.39,83,1
980,46.51,85,1
960,45.86,75,1
920,45.48,60,1
1024,26.17,60,1
903,26.89,65,1
82,26.64,65,0
157,26.38,75,0
727,25.81,75,1
292,25.67,98,0
570,25.19,95,0
38,30.42,55,0
48,29.54,54,0
38,28.3,50,0
39,28.98,52,0
43,28.01,50,0
43,28.04,50,0
37,27.52,50,0
43,27.01,50,0
41,26.71,54,0
37,27.02,50,0
37,27.06,55,0
37,27.07,55,0
44,26.89,58,0
45,25.9,57,0
44,26.82,57,0
45,26.45,58,0
43,25.8,55,0
37,25.72,95,0
43,25.83,95,0
397,32.46,66,0
64,31.86,67,0
37,37.95,91,0
33,43.8,95,0
33,53.79,41,0
1013,59.46,33,1
820,60.4,29,1
822,55.14,27,1
650,49.24,95,1
630,49.41,95,1
622,49.48,99,1
690,49.71,95,1
700,49.53,95,1
780,49.1,95,1
790,49.65,95,1
750,49.73,95,1
740,49.99,95,1
620,49.92,95,1
900,49.87,95,1
920,49.49,95,1
980,25.81,95,1
1010,49.78,95,1
630,49.77,95,1
690,49.66,95,1
782,49.49,98,1
790,49.5,95,1
740,49.63,95,1
750,25.85,95,1
763,26.07,96,1
660,25.56,95,1
650,25.9,95,1
640,26.34,95,1
630,25.93,95,1
610,26.04,95,1
650,25.94,95,1
690,25.36,95,1
780,25.44,95,1
790,25.67,95,1
740,25.48,95,1
751,25.91,98,1
850,25.53,95,1
860,25.45,95,1
890,25.66,95,1
950,25.82,95,1
940,25.6,95,1
990,26.15,95,1
980,46.13,65,1
563,25.29,97,0
570,25.55,95,0
622,24.67,99,1
650,24.84,95,1
630,25.0,95,1
700,25.23,95,1
780,25.28,95,1
740,24.6,95,1
762,24.58,95,1
755,25.21,95,1
763,25.65,99,1
850,26.38,95,1
840,26.04,95,1
890,26.37,95,1
952,26.34,97,1
960,26.51,95,1
945,26.51,95,1
620,27.24,95,1
253,50.39,69,1
1024,33.69,83,1
1024,33.43,70,1
399,32.71,70,0
947,25.95,98,1
621,27.31,97,1
249,49.88,65,1
1024,33.56,83,1
1027,34.29,73,1
397,32.58,66,0
68,30.62,69,0
33,37.73,88,0
33,44.47,95,0
35,53.05,42,0
1013,59.47,33,1
818,60.03,25,1
818,55.34,26,1
33,25.78,95,0
33,25.16,95,0
33,25.58,95,0
33,25.41,95,0
33,25.37,95,0
34,25.66,98,0
33,25.12,95,0
33,25.71,95,0
33,25.84,95,0
950,26.57,95,1
962,26.41,97,1
948,25.55,99,1
620,27.28,95,1
253,50.52,67,1
1024,33.82,83,1
1026,33.73,72,1
397,32.21,66,0
945,26.84,95,1
620,27.0,95,1
252,50.31,68,1
1024,34.21,83,1
1025,33.79,74,1
397,32.89,66,0
68,31.41,69,0
34,38.58,91,0
33,43.84,95,0
36,53.66,45,0
1013,59.68,33,1
818,59.71,25,1
818,55.68,26,1
40,25.1,97,0
39,24.6,98,0
37,25.05,95,0
30,24.95,95,0
30,25.8,95,0
37,25.48,95,0
37,25.24,95,0
990,26.56,95,1
943,25.96,98,1
960,26.42,95,1
892,26.51,97,1
840,50.21,65,1
830,33.63,83,1
870,33.73,70,1
750,32.16,66,0
761,25.93,96,1
740,26.93,95,1
650,50.78,65,1
630,33.81,83,1
1027,33.7,74,1
398,31.84,67,0
64,31.52,67,0
34,37.81,90,0
34,43.76,96,0
33,53.37,41,0
1013,58.98,33,1
819,59.69,27,1
818,55.04,26,1
37,25.72,96,0
990,26.79,95,1
940,26.84,95,1
963,26.7,98,1
890,27.49,95,1
840,50.55,65,1
830,33.35,83,1
870,33.45,70,1
750,32.98,66,0
760,26.2,95,1
740,27.26,95,1
650,50.01,65,1
630,34.25,83,1
1027,33.3,72,1
397,32.13,66,0
66,31.52,71,0
33,37.21,88,0
33,43.81,95,0
37,53.88,42,0
1013,59.59,33,1
821,59.84,26,1
818,55.23,26,1
320,47.03,58,1
340,49.48,54,1
350,46.9,60,1
28,25.58,95,0
28,25.12,95,0
36,24.94,95,0
36,25.38,95,0
36,25.61,95,0
36,25.41,95,0
39,25.8,98,0
34,25.85,95,0
28,25.1,95,0
36,25.43,96,0
34,25.98,95,0
34,25.53,95,0
37,25.18,97,0
40,25.22,99,0
51,25.2,95,0
41,24.42,95,0
41,25.29,98,0
39,25.29,97,0
40,24.88,99,0
39,25.07,97,0
177,24.89,95,0
220,24.88,97,0
807,25.29,95,1
38,24.78,95,0
38,24.91,95,0
31,24.8,95,0
257,25.67,95,0
411,45.11,51,1
390,55.47,55,1
365,48.12,58,1
320,25.4,95,0
145,25.07,95,0
230,25.41,95,0
450,25.04,95,0
321,25.23,97,0
38,25.23,95,0
31,25.52,95,0
38,25.74,95,0
38,25.54,95,0
39,24.68,99,0
869,24.74,99,1
70,25.73,95,0
919,25.9,96,1
990,25.91,95,1
940,26.55,95,1
963,26.86,97,1
890,27.3,95,1
840,50.67,65,1
832,33.99,85,1
870,34.11,70,1
750,32.63,66,0
760,26.63,95,1
740,27.69,95,1
654,50.7,67,1
630,33.36,83,1
1024,33.36,70,1
400,32.66,68,0
67,31.91,70,0
33,37.98,88,0
36,44.31,99,0
36,53.55,43,0
1015,58.73,34,1
818,59.52,25,1
821,55.0,30,1
456,26.45,95,0
40,25.74,95,0
40,26.42,95,0
40,25.65,95,0
332,25.77,95,0
445,26.3,95,0
110,25.79,95,0
95,26.17,95,0
40,26.23,95,0
32,26.56,95,0
40,26.38,95,0
23,25.76,95,0
450,49.85,65,1
320,48.75,60,1
993,26.22,98,1
940,26.72,95,1
960,25.98,95,1
890,27.55,95,1
840,50.04,65,1
830,34.23,83,1
870,33.87,70,1
752,32.1,67,0
760,26.0,95,1
740,27.02,95,1
650,50.8,65,1
630,33.9,83,1
1024,33.82,70,1
397,32.49,66,0
66,32.12,69,0
33,37.96,88,0
33,44.5,95,0
33,52.87,41,0
1013,58.91,33,1
818,59.7,25,1
822,55.59,27,1
650,56.06,65,1
630,57.04,50,1
690,57.43,45,1
750,57.78,65,1
650,43.68,60,1
630,52.52,70,1
890,50.56,80,1
980,46.98,85,1
960,46.52,75,1
920,45.12,60,1
1024,25.96,60,1
903,26.9,65,1
82,26.48,65,0
157,26.48,75,0
727,26.0,75,1
290,26.66,95,0
533,26.3,95,0
50,26.63,95,0
592,26.03,95,1
964,25.97,95,1
914,26.58,95,1
36,26.65,96,0
32,33.42,95,0
32,42.05,66,0
745,42.39,65,1
40,42.85,45,0
40,41.7,58,0
934,43.88,43,1
640,41.25,43,1
928,46.23,58,1
104,49.64,38,0
37,46.58,37,0
37,43.0,38,0
41,39.48,43,0
69,37.81,47,0
41,35.83,51,0
60,33.9,56,0
55,32.77,59,0
51,31.93,62,0
60,31.76,65,0
42,30.16,68,0
90,29.72,71,0
64,29.31,75,0
61,28.53,79,0
955,28.73,83,1
34,28.5,87,0
58,27.71,89,0
52,27.79,95,0
36,28.96,95,0
70,52.78,80,0
38,30.17,55,0
45,29.29,50,0
38,28.68,50,0
38,28.25,50,0
46,27.82,52,0
44,27.65,53,0
37,27.92,50,0
43,27.4,50,0
41,27.77,51,0
37,27.36,50,0
37,26.67,55,0
37,27.08,55,0
46,26.46,59,0
44,25.41,57,0
46,26.33,58,0
47,26.46,59,0
45,26.17,57,0
39,25.36,98,0
44,26.17,96,0
812,44.9,42,1
900,42.11,46,1
786,38.65,50,1
604,37.62,53,1
907,36.19,56,1
831,34.71,60,1
62,33.1,64,0
64,32.32,66,0
64,31.71,70,0
75,30.88,73,0
56,31.01,75,0
64,29.84,79,0
65,29.85,82,0
62,29.33,86,0
52,28.99,89,0
60,29.21,92,0
64,28.68,93,0
58,28.0,93,0
59,27.45,98,0
561,25.46,97,0
574,25.38,97,0
623,24.86,96,1
650,25.06,95,1
630,24.65,95,1
704,25.25,98,1
780,25.36,95,1
741,24.63,97,1
240,29.88,50,0
230,28.62,55,0
223,28.29,55,0
218,27.12,55,0
211,27.11,55,0
207,27.1,55,0
202,27.61,50,0
960,26.9,95,1
945,26.11,95,1
622,27.16,97,1
251,50.43,69,1
1024,33.59,83,1
1025,33.62,73,1
399,32.98,70,0
66,31.16,68,0
33,37.92,88,0
33,44.55,95,0
33,53.74,41,0
1014,58.64,34,1
822,59.05,29,1
820,55.57,27,1
240,29.33,50,0
230,28.46,55,0
223,28.52,55,0
218,27.31,55,0
211,26.65,55,0
207,27.26,55,0
202,27.44,50,0
38,30.84,55,0
45,29.68,50,0
38,29.22,50,0
38,29.0,50,0
43,27.89,50,0
46,27.83,54,0
37,27.51,50,0
44,27.96,51,0
37,27.54,50,0
38,26.64,51,0
38,26.79,57,0
37,27.09,55,0
44,26.31,56,0
43,26.01,55,0
47,25.89,57,0
47,25.6,58,0
47,25.96,57,0
40,25.21,97,0
43,26.47,95,0
250,50.67,68,1
1026,33.66,85,1
1028,33.62,71,1
397,32.77,66,0
64,31.84,67,0
310,37.08,85,0
1021,42.44,73,1
1024,47.16,42,1
48,45.06,39,0
1024,42.21,40,1
871,38.91,46,1
1024,37.35,44,1
41,34.38,49,0
46,33.61,52,0
39,32.15,54,0
38,31.24,58,0
38,30.66,55,0
47,29.62,54,0
38,29.19,50,0
38,28.48,50,0
43,27.74,50,0
43,27.96,50,0
37,27.03,50,0
47,27.55,52,0
37,27.41,50,0
37,27.26,50,0
41,26.93,56,0
37,27.03,55,0
47,26.96,58,0
43,26.53,55,0
47,25.97,59,0
45,26.15,59,0
47,26.27,59,0
37,26.01,95,0
43,26.19,95,0
43,49.66,95,1
37,49.94,95,1
43,49.04,95,1
50,49.67,97,1
46,49.57,95,1
46,26.28,95,0
46,25.9,95,0
46,25.27,95,0
46,24.98,98,0
45,25.89,98,0
43,25.8,97,0
45,25.3,99,0
46,25.03,99,0
42,25.64,95,0
41,25.29,95,0
44,24.98,96,0
46,25.61,96,0
42,24.89,95,0
43,24.91,96,0
43,25.01,95,0
36,25.56,95,0
44,25.85,96,0
41,25.5,95,0
44,25.14,97,0
169,48.17,95,1
1027,24.8,97,1
55,25.28,95,0
1024,25.12,95,1
1026,24.86,97,1
70,25.14,95,0
1028,25.72,98,1
1026,25.55,96,1
1026,25.82,97,1
46,25.08,95,0
154,49.65,95,1
82,26.9,65,0
157,26.1,75,0
729,26.09,79,1
290,26.03,95,0
570,25.11,95,0
38,30.89,55,0
45,29.51,50,0
38,29.12,50,0
42,29.09,53,0
43,28.3,50,0
44,27.53,54,0
37,27.28,50,0
44,27.93,54,0
37,26.99,50,0
37,26.51,50,0
37,26.41,55,0
40,27.21,59,0
43,26.61,55,0
45,26.68,56,0
45,26.26,58,0
46,26.07,58,0
47,26.87,57,0
38,26.16,97,0
43,25.73,95,0
397,32.48,66,0
67,31.79,69,0
34,37.84,92,0
33,44.09,95,0
33,53.32,41,0
1013,59.16,33,1
818,59.51,25,1
820,55.74,30,1
650,49.14,95,1
634,50.01,99,1
620,49.25,95,1
690,49.13,95,1
700,49.11,95,1
780,49.34,95,1
790,49.03,95,1
750,49.67,95,1
740,49.55,95,1
620,49.46,95,1
900,49.47,95,1
920,49.05,95,1
980,25.91,95,1
1010,49.27,95,1
630,49.99,95,1
690,49.67,95,1
782,50.08,96,1
790,49.33,95,1
740,49.9,95,1
750,25.41,95,1
760,25.54,95,1
660,25.43,95,1
650,25.46,95,1
640,25.68,95,1
633,25.62,97,1
610,25.85,95,1
650,25.59,95,1
690,25.44,95,1
780,25.93,95,1
790,25.32,95,1
740,26.04,95,1
750,26.09,95,1
850,25.89,95,1
860,25.55,95,1
894,25.64,99,1
950,25.88,95,1
940,25.79,95,1
990,25.25,95,1
980,46.27,65,1
560,25.22,95,0
570,25.54,95,0
620,25.1,95,1
650,25.57,95,1
630,25.13,95,1
701,25.46,99,1
780,24.78,95,1
740,25.13,95,1
762,24.53,95,1
755,25.66,95,1
763,26.28,96,1
850,25.59,95,1
843,26.12,98,1
890,26.56,95,1
950,26.32,95,1
961,26.34,96,1
945,26.46,95,1
620,27.07,95,1
250,50.69,67,1
1024,34.27,83,1
1024,33.94,70,1
398,32.7,67,0
945,26.65,95,1
622,27.4,97,1
251,50.17,69,1
1024,33.81,83,1
1024,33.48,70,1
401,32.61,70,0
64,31.71,67,0
33,37.58,88,0
33,43.86,95,0
33,52.92,41,0
1013,59.31,33,1
818,59.98,25,1
820,55.36,27,1
34,25.73,99,0
35,24.69,96,0
33,25.19,95,0
33,26.0,95,0
33,25.46,95,0
33,25.08,95,0
33,25.76,95,0
37,25.32,97,0
37,25.45,96,0
950,26.24,95,1
960,26.36,95,1
945,26.66,95,1
621,27.33,96,1
249,50.69,65,1
1025,34.43,84,1
1028,33.12,71,1
397,32.59,66,0
945,25.97,95,1
620,27.42,95,1
252,50.19,69,1
1024,33.35,83,1
1025,34.18,74,1
400,32.48,69,0
64,31.87,67,0
33,38.05,88,0
33,44.72,95,0
33,53.6,41,0
1017,59.72,36,1
818,59.85,25,1
818,55.02,26,1
40,25.06,98,0
40,24.83,97,0
39,25.88,99,0
30,25.48,95,0
30,25.13,95,0
41,25.21,99,0
37,24.92,95,0
990,26.62,95,1
940,26.79,95,1
960,26.03,95,1
890,27.19,95,1
840,50.34,65,1
834,33.54,84,1
870,33.89,70,1
750,32.94,66,0
760,26.72,95,1
742,27.58,96,1
650,50.48,65,1
631,33.76,85,1
1024,34.09,70,1
397,32.31,66,0
67,31.31,71,0
35,37.71,91,0
33,43.85,95,0
33,53.48,41,0
1013,59.67,33,1
818,60.0,25,1
822,55.18,27,1
40,25.47,97,0
993,25.97,98,1
944,25.99,97,1
961,26.67,98,1
894,27.4,96,1
840,50.69,65,1
830,33.58,83,1
870,33.57,70,1
750,32.57,66,0
760,26.51,95,1
740,27.34,95,1
650,50.67,65,1
630,34.03,83,1
1028,33.75,73,1
397,32.8,66,0
67,31.26,71,0
36,36.77,92,0
33,44.77,95,0
33,53.44,41,0
1017,59.57,35,1
818,59.83,25,1
822,55.49,28,1
320,46.87,58,1
340,49.16,54,1
350,46.8,60,1
28,25.17,95,0
32,25.57,97,0
36,25.81,95,0
39,25.21,98,0
37,25.8,97,0
37,26.07,98,0
36,25.55,95,0
34,25.05,95,0
28,25.07,95,0
35,25.06,96,0
34,25.23,95,0
37,25.1,98,0
36,25.26,95,0
37,25.1,98,0
51,24.54,95,0
41,24.71,95,0
38,24.43,95,0
37,24.77,95,0
37,25.09,95,0
36,24.61,95,0
177,24.65,95,0
216,25.5,95,0
807,24.63,95,1
38,25.55,95,0
38,24.68,95,0
31,25.42,95,0
257,25.76,95,0
410,44.84,50,1
390,54.78,55,1
365,47.75,58,1
320,25.09,95,0
145,25.75,95,0
230,25.44,95,0
450,25.59,95,0
320,25.45,95,0
40,25.43,96,0
31,25.82,95,0
38,25.11,95,0
41,25.92,98,0
39,25.39,97,0
871,25.45,96,1
70,25.32,95,0
916,25.59,95,1
990,26.78,95,1
940,26.03,95,1
961,27.18,97,1
890,27.48,95,1
840,50.6,65,1
831,33.65,84,1
870,33.58,70,1
750,32.18,66,0
760,26.29,95,1
740,26.86,95,1
650,50.21,65,1
630,33.55,83,1
1026,33.51,71,1
398,32.17,70,0
64,31.83,67,0
36,37.48,92,0
33,44.12,95,0
33,53.03,41,0
1013,59.42,33,1
822,60.03,29,1
819,55.96,28,1
456,26.49,95,0
41,25.98,97,0
40,26.49,95,0
41,26.37,99,0
332,25.54,95,0
445,25.92,95,0
110,25.57,95,0
95,26.13,95,0
40,25.84,95,0
32,25.85,95,0
40,25.86,95,0
23,26.41,95,0
450,49.04,65,1
320,48.74,60,1
990,25.95,95,1
940,26.76,95,1
960,26.06,95,1
890,27.0,95,1
840,49.84,65,1
830,33.7,83,1
870,33.69,70,1
750,32.13,66,0
760,26.37,95,1
740,27.19,95,1
653,50.28,69,1
630,33.95,83,1
1027,34.35,74,1
397,32.9,66,0
68,31.29,71,0
33,37.26,88,0
35,44.64,98,0
35,53.17,42,0
1016,58.83,37,1
818,60.05,25,1
818,55.11,26,1
650,55.65,65,1
630,56.9,50,1
690,57.25,45,1
750,57.8,65,1
650,44.39,60,1
630,52.5,70,1
894,50.75,83,1
980,47.47,85,1
960,46.26,75,1
920,45.56,60,1
1024,26.06,60,1
903,26.58,65,1
82,26.45,65,0
157,26.37,75,0
727,26.32,75,1
290,26.4,95,0
533,26.19,95,0
50,25.88,95,0
592,26.36,95,1
964,26.65,95,1
914,26.2,95,1
33,26.63,95,0
32,33.49,95,0
32,41.51,66,0
744,42.65,66,1
42,42.77,49,0
40,42.14,58,0
934,43.03,43,1
640,41.17,43,1
928,46.38,58,1
104,49.21,38,0
37,46.17,37,0
37,42.86,38,0
41,40.24,43,0
69,37.86,47,0
41,35.22,51,0
60,33.98,56,0
55,33.28,59,0
51,31.73,62,0
60,30.89,65,0
42,30.82,68,0
90,29.33,71,0
64,29.54,75,0
61,28.75,79,0
955,28.8,83,1
34,28.98,87,0
61,27.62,91,0
52,27.61,95,0
36,28.49,95,0
70,52.87,80,0
38,30.94,55,0
45,28.95,50,0
39,28.88,52,0
42,27.9,53,0
43,28.43,50,0
43,28.13,50,0
37,27.68,50,0
45,27.85,51,0
37,26.96,50,0
37,27.49,50,0
37,26.92,55,0
37,26.71,55,0
43,26.5,55,0
43,26.17,55,0
46,25.79,56,0
43,25.96,55,0
45,26.0,58,0
37,26.33,95,0
43,25.5,95,0
813,44.44,43,1
900,42.02,46,1
786,39.33,50,1
604,36.95,53,1
907,35.59,56,1
831,34.26,60,1
62,33.4,64,0
64,32.86,66,0
64,31.32,70,0
75,30.64,73,0
56,30.18,75,0
64,29.89,79,0
65,30.1,82,0
62,29.16,86,0
52,29.39,89,0
60,29.15,92,0
64,28.83,93,0
58,28.28,93,0
55,28.6,95,0
563,25.18,96,0
570,24.93,95,0
620,25.35,95,1
650,25.03,95,1
630,24.73,95,1
704,25.1,99,1
780,24.62,95,1
740,25.19,95,1
240,29.36,50,0
230,28.34,55,0
223,28.74,55,0
218,27.42,55,0
211,26.57,55,0
207,26.83,55,0
202,27.09,50,0
964,25.65,96,1
945,25.99,95,1
620,27.38,95,1
249,50.59,65,1
1028,33.7,85,1
1028,34.19,74,1
397,32.14,66,0
68,31.42,70,0
34,37.94,92,0
33,44.62,95,0
33,52.94,41,0
1013,58.88,33,1
822,59.61,28,1
821,55.49,27,1
240,29.48,50,0
230,28.56,55,0
223,28.71,55,0
218,27.45,55,0
211,26.53,55,0
207,27.39,55,0
206,26.89,52,0
38,30.95,55,0
45,29.79,50,0
38,28.45,50,0
38,28.26,50,0
45,27.61,54,0
43,27.54,50,0
38,27.8,53,0
45,27.91,54,0
37,27.13,50,0
41,27.37,51,0
38,26.93,56,0
37,26.93,55,0
45,26.8,56,0
43,25.75,55,0
43,26.46,55,0
43,26.68,55,0
47,26.4,58,0
37,26.37,95,0
45,26.54,96,0
249,50.11,65,1
1024,34.2,83,1
1028,33.59,72,1
397,32.92,66,0
67,31.56,68,0
310,37.43,85,0
1021,42.29,73,1
1024,47.07,42,1
48,44.74,39,0
1024,42.03,40,1
868,39.06,42,1
1026,37.95,47,1
41,34.36,49,0
46,33.7,52,0
39,32.38,54,0
38,31.43,58,0
38,30.62,55,0
45,29.15,50,0
40,28.99,54,0
38,28.21,50,0
43,28.47,50,0
45,27.16,54,0
37,27.08,50,0
43,27.62,50,0
37,27.7,50,0
38,27.14,54,0
37,26.74,55,0
41,26.57,56,0
43,25.87,55,0
45,26.4,59,0
44,26.06,56,0
43,26.39,55,0
47,26.24,57,0
37,25.66,95,0
43,26.28,95,0
43,49.54,95,1
37,49.07,95,1
43,49.68,95,1
46,49.87,95,1
46,49.07,95,1
46,25.56,95,0
46,25.57,95,0
46,25.81,95,0
46,25.45,97,0
45,25.6,96,0
43,25.47,98,0
42,25.3,95,0
42,25.5,95,0
45,25.57,96,0
41,24.91,95,0
42,24.87,95,0
46,25.52,96,0
42,25.33,95,0
44,24.46,98,0
43,25.05,95,0
39,24.9,96,0
44,24.52,99,0
45,25.09,98,0
41,25.02,95,0
169,48.16,95,1
1028,24.65,96,1
55,25.02,95,0
1024,25.41,95,1
1028,25.78,96,1
70,24.78,95,0
1024,25.42,95,1
1024,25.24,95,1
1024,24.9,95,1
46,25.31,95,0
154,49.28,95,1
82,26.3,65,0
157,25.98,75,0
727,25.86,75,1
290,25.98,95,0
570,24.75,95,0
38,30.83,55,0
45,29.57,50,0
39,28.88,53,0
38,28.57,50,0
43,27.6,50,0
43,27.91,50,0
37,27.56,50,0
43,27.46,50,0
41,27.29,54,0
37,26.79,50,0
41,26.62,56,0
38,26.19,58,0
46,26.06,59,0
46,25.59,57,0
43,25.77,55,0
47,26.4,57,0
46,25.68,59,0
37,26.41,95,0
43,26.41,95,0
398,32.96,70,0
65,30.68,70,0
33,37.99,88,0
33,43.87,95,0
33,53.64,41,0
1017,59.33,36,1
818,60.11,25,1
818,54.94,26,1
650,49.59,95,1
630,49.22,95,1
620,49.77,95,1
690,49.87,95,1
700,49.28,95,1
782,49.76,97,1
790,49.68,95,1
754,49.45,98,1
740,49.27,95,1
622,49.54,99,1
900,49.53,95,1
920,49.36,95,1
980,26.5,95,1
1010,49.18,95,1
633,49.93,96,1
690,49.95,95,1
780,49.63,95,1
790,49.83,95,1
740,49.43,95,1
750,26.0,95,1
764,26.2,96,1
660,25.54,95,1
650,26.24,95,1
640,25.51,95,1
630,25.84,95,1
610,25.84,95,1
650,26.09,95,1
690,25.61,95,1
780,25.58,95,1
790,25.63,95,1
744,25.92,98,1
750,26.16,95,1
850,25.21,95,1
862,26.22,98,1
890,25.72,95,1
950,25.29,95,1
940,25.78,95,1
990,25.38,95,1
980,45.59,65,1
560,24.76,95,0
571,24.94,97,0
624,25.34,98,1
650,25.5,95,1
630,25.52,95,1
700,25.06,95,1
780,24.77,95,1
743,25.61,98,1
762,24.81,95,1
755,25.11,95,1
760,25.77,95,1
854,25.42,99,1
840,26.35,95,1
890,26.39,95,1
950,26.1,95,1
962,26.13,98,1
947,25.81,98,1
620,27.6,95,1
250,50.17,69,1
1024,34.15,83,1
1025,34.62,71,1
397,32.87,66,0
945,25.92,95,1
620,26.81,95,1
249,50.06,65,1
1024,33.68,83,1
1026,33.81,73,1
398,33.03,67,0
64,31.28,67,0
33,38.07,88,0
34,44.43,99,0
33,53.33,41,0
1013,59.11,33,1
818,59.9,25,1
818,55.6,26,1
33,25.43,95,0
33,25.06,95,0
33,25.81,95,0
34,24.83,99,0
35,25.46,96,0
33,25.93,95,0
36,25.35,99,0
36,24.91,97,0
33,25.9,95,0
950,25.94,95,1
960,26.26,95,1
945,25.93,95,1
620,27.63,95,1
249,50.72,65,1
1024,33.6,83,1
1025,34.47,74,1
398,32.96,70,0
945,26.57,95,1
620,26.73,95,1
249,50.27,65,1
1025,34.03,86,1
1024,33.39,70,1
399,31.74,68,0
66,30.44,68,0
34,38.06,91,0
33,44.26,95,0
33,52.96,41,0
1013,58.87,33,1
818,60.02,25,1
818,55.05,26,1
41,24.96,97,0
40,25.84,97,0
37,25.29,95,0
30,25.35,95,0
30,25.32,95,0
37,24.93,95,0
38,25.87,99,0
990,26.47,95,1
940,26.48,95,1
964,26.23,97,1
890,26.96,95,1
840,49.87,65,1
830,33.71,83,1
870,33.72,70,1
751,32.72,67,0
760,26.32,95,1
740,26.87,95,1
654,49.86,67,1
634,33.32,84,1
1024,34.12,70,1
400,32.13,69,0
64,31.19,67,0
33,37.78,88,0
33,44.08,95,0
33,53.23,41,0
1013,59.3,33,1
818,59.76,25,1
818,55.3,26,1
40,25.3,97,0
990,26.73,95,1
940,26.08,95,1
960,26.61,95,1
890,27.47,95,1
840,50.65,65,1
834,33.64,85,1
870,33.48,70,1
750,32.34,66,0
761,25.98,96,1
740,27.62,95,1
650,49.97,65,1
630,33.51,83,1
1027,34.54,73,1
399,32.22,67,0
66,31.7,68,0
33,37.86,88,0
33,44.76,95,0
35,53.42,45,0
1013,59.18,33,1
818,59.65,25,1
819,54.99,29,1
320,47.71,58,1
340,48.81,54,1
350,47.03,60,1
28,24.94,95,0
29,24.92,96,0
36,25.11,95,0
39,25.73,99,0
37,25.28,98,0
39,25.91,98,0
36,25.92,95,0
34,25.87,95,0
28,25.52,95,0
37,25.76,99,0
34,25.24,95,0
38,25.37,98,0
40,25.96,97,0
36,24.9,95,0
51,25.08,95,0
42,24.39,97,0
41,25.12,99,0
37,24.99,95,0
37,24.94,95,0
36,25.24,95,0
177,24.7,95,0
220,24.7,97,0
807,25.16,95,1
41,25.14,99,0
38,24.79,95,0
31,24.73,95,0
257,24.92,95,0
413,44.97,53,1
390,55.02,55,1
365,48.06,58,1
320,24.9,95,0
145,24.87,95,0
230,24.9,95,0
450,25.69,95,0
320,25.16,95,0
40,24.88,97,0
31,25.26,95,0
41,26.0,96,0
38,25.21,95,0
42,25.95,97,0
868,25.24,95,1
70,26.1,95,0
916,26.04,95,1
991,25.85,99,1
944,26.31,97,1
960,26.35,95,1
892,27.03,98,1
840,50.37,65,1
830,34.06,83,1
870,34.02,70,1
753,32.21,67,0
760,26.6,95,1
740,27.64,95,1
650,50.42,65,1
633,33.96,87,1
1028,33.71,72,1
401,32.58,70,0
64,30.9,67,0
33,37.22,88,0
36,43.99,97,0
33,53.4,41,0
1015,59.37,34,1
821,60.24,28,1
818,54.93,26,1
456,26.3,95,0
40,26.58,95,0
41,25.99,98,0
40,25.99,95,0
332,26.44,95,0
445,25.73,95,0
110,26.31,95,0
95,26.4,95,0
40,25.98,95,0
32,26.21,95,0
44,26.06,97,0
23,26.38,95,0
450,49.52,65,1
320,48.89,60,1
992,25.58,98,1
940,26.36,95,1
960,25.9,95,1
890,27.26,95,1
840,50.17,65,1
830,34.02,83,1
870,33.84,70,1
750,32.83,66,0
761,26.19,97,1
740,27.11,95,1
650,50.08,65,1
630,33.63,83,1
1024,33.37,70,1
398,33.19,70,0
64,31.12,67,0
33,37.16,88,0
33,44.31,95,0
33,53.68,41,0
1013,59.28,33,1
822,60.1,29,1
818,55.74,26,1
650,56.31,65,1
630,57.18,50,1
690,57.24,45,1
750,58.25,65,1
650,44.35,60,1
630,51.82,70,1
890,50.29,80,1
980,47.25,85,1
960,46.0,75,1
920,45.14,60,1
1024,26.81,60,1
903,25.94,65,1
82,26.78,65,0
157,26.45,75,0
727,26.04,75,1
290,26.5,95,0
533,26.05,95,0
50,25.96,95,0
592,26.66,95,1
964,26.12,95,1
914,26.15,95,1
33,26.48,95,0
32,33.41,95,0
32,41.55,66,0
741,42.68,62,1
40,43.02,45,0
40,42.38,58,0
934,43.32,43,1
640,41.32,43,1
928,45.99,58,1
104,49.36,38,0
37,46.5,37,0
37,43.19,38,0
41,40.16,43,0
69,37.46,47,0
41,35.59,51,0
60,33.7,56,0
58,33.22,62,0
51,31.96,62,0
60,31.16,65,0
42,30.41,68,0
90,29.42,71,0
64,29.03,75,0
61,29.46,79,0
955,28.54,83,1
34,28.55,87,0
60,28.11,93,0
52,27.74,95,0
36,29.09,95,0
71,52.35,83,0
42,30.6,56,0
45,29.07,50,0
42,28.65,51,0
38,28.34,50,0
43,27.95,50,0
44,27.38,51,0
37,27.22,50,0
43,27.08,50,0
37,26.87,50,0
40,27.1,53,0
37,26.99,55,0
39,26.51,57,0
43,26.41,55,0
46,25.8,56,0
45,26.68,56,0
46,26.06,58,0
46,25.79,56,0
37,25.88,95,0
43,25.75,95,0
816,44.96,43,1
900,41.6,46,1
786,39.32,50,1
604,37.46,53,1
907,35.56,56,1
831,34.5,60,1
62,33.37,64,0
64,32.46,66,0
64,32.19,70,0
75,31.19,73,0
56,30.35,75,0
64,30.02,79,0
65,29.53,82,0
62,29.25,86,0
52,29.17,89,0
60,29.25,92,0
64,28.88,93,0
58,28.43,93,0
55,28.54,95,0
560,25.08,95,0
570,25.58,95,0
624,24.91,99,1
654,24.82,99,1
630,25.49,95,1
700,24.99,95,1
780,24.59,95,1
740,25.32,95,1
240,29.18,50,0
230,28.98,55,0
223,29.06,55,0
222,27.24,57,0
211,26.6,55,0
210,27.23,58,0
202,27.45,50,0
961,26.69,99,1
945,26.69,95,1
620,27.53,95,1
252,50.55,68,1
1024,33.86,83,1
1024,33.62,70,1
397,33.01,66,0
64,31.13,67,0
33,38.08,88,0
36,43.6,96,0
33,53.28,41,0
1013,59.39,33,1
818,59.56,25,1
818,55.39,26,1
240,29.31,50,0
230,28.89,55,0
223,29.17,55,0
218,27.17,55,0
214,26.84,59,0
207,27.41,55,0
202,26.9,50,0
38,30.9,55,0
45,29.81,50,0
40,28.62,51,0
38,28.87,50,0
44,27.68,54,0
43,28.11,50,0
37,27.93,50,0
43,27.67,50,0
38,27.07,51,0
37,26.82,50,0
37,27.04,55,0
37,26.49,55,0
44,26.14,57,0
44,26.77,58,0
43,26.14,55,0
43,26.57,55,0
43,26.02,55,0
39,26.06,98,0
43,25.56,95,0
249,50.1,65,1
1024,34.24,83,1
1024,33.47,70,1
397,32.78,66,0
64,31.0,67,0
310,36.72,85,0
1021,42.38,73,1
1024,46.46,42,1
48,44.7,39,0
1024,42.06,40,1
871,38.8,46,1
1024,36.82,44,1
41,34.82,49,0
46,33.1,52,0
39,32.93,54,0
38,31.14,58,0
38,30.04,55,0
45,29.72,50,0
40,29.31,51,0
38,28.29,50,0
43,27.7,50,0
43,28.2,50,0
37,27.62,50,0
43,27.88,50,0
39,28.01,51,0
37,26.88,50,0
37,27.17,55,0
39,26.14,59,0
46,26.93,59,0
45,26.49,56,0
45,26.12,59,0
43,25.9,55,0
46,25.72,58,0
37,25.64,95,0
43,26.21,95,0
43,49.56,95,1
37,49.03,95,1
43,49.62,95,1
46,50.0,95,1
47,49.17,98,1
46,26.06,95,0
46,25.65,95,0
46,25.75,95,0
46,24.96,97,0
42,25.89,95,0
42,25.38,95,0
42,25.39,95,0
42,25.71,95,0
42,25.69,95,0
41,25.08,95,0
45,25.63,96,0
45,25.89,97,0
44,25.16,96,0
43,25.14,96,0
43,25.67,95,0
36,24.96,95,0
42,25.01,99,0
41,25.26,95,0
44,24.55,97,0
169,48.2,95,1
1026,25.18,97,1
55,25.22,95,0
1024,25.56,95,1
1025,25.98,99,1
70,25.11,95,0
1024,25.17,95,1
1026,25.77,99,1
1026,25.81,99,1
46,25.01,95,0
154,49.83,95,1
82,26.74,65,0
157,26.5,75,0
727,26.37,75,1
290,25.95,95,0
570,25.22,95,0
38,30.64,55,0
45,29.84,50,0
42,28.41,53,0
38,28.6,50,0
45,27.91,53,0
45,27.35,51,0
40,28.01,52,0
43,27.03,50,0
37,26.85,50,0
37,27.2,50,0
37,27.31,55,0
37,26.24,55,0
44,25.76,56,0
44,25.7,59,0
43,25.73,55,0
46,26.44,57,0
46,26.11,59,0
37,25.82,95,0
43,25.79,95,0
397,32.84,66,0
65,31.59,69,0
33,38.06,88,0
33,43.92,95,0
37,53.56,45,0
1013,58.97,33,1
818,59.46,25,1
818,54.97,26,1
650,49.01,95,1
630,49.6,95,1
620,49.49,95,1
690,49.92,95,1
700,49.44,95,1
780,49.23,95,1
790,49.95,95,1
750,49.95,95,1
740,49.13,95,1
620,49.66,95,1
900,49.16,95,1
920,49.78,95,1
980,26.04,95,1
1010,49.98,95,1
630,49.2,95,1
690,49.04,95,1
783,48.92,97,1
790,49.25,95,1
740,49.25,95,1
754,25.33,96,1
764,26.51,99,1
660,26.16,95,1
650,25.82,95,1
640,25.77,95,1
630,26.09,95,1
610,25.72,95,1
650,25.52,95,1
690,25.55,95,1
780,25.69,95,1
790,25.36,95,1
742,26.04,98,1
750,26.14,95,1
851,25.58,98,1
863,26.06,97,1
890,25.35,95,1
952,26.17,99,1
940,26.04,95,1
990,25.7,95,1
980,45.74,65,1
560,24.93,95,0
570,24.68,95,0
620,25.52,95,1
651,25.12,97,1
630,24.82,95,1
703,25.13,99,1
781,24.8,96,1
740,25.33,95,1
762,24.73,95,1
755,25.33,95,1
763,25.57,97,1
850,25.87,95,1
840,25.81,95,1
890,26.24,95,1
954,26.44,97,1
962,26.23,97,1
949,26.48,99,1
620,27.43,95,1
249,50.58,65,1
1027,34.16,86,1
1028,33.99,71,1
399,32.63,67,0
948,26.2,99,1
620,27.14,95,1
249,50.28,65,1
1024,33.45,83,1
1024,34.03,70,1
397,32.19,66,0
65,31.43,69,0
33,37.6,88,0
33,44.11,95,0
35,53.22,42,0
1014,58.53,35,1
818,59.78,25,1
818,55.84,26,1
34,26.1,98,0
37,25.33,96,0
37,25.09,99,0
35,25.49,98,0
35,25.72,97,0
33,25.17,95,0
33,25.87,95,0
34,26.0,97,0
37,25.0,99,0
950,25.89,95,1
960,26.88,95,1
945,26.87,95,1
620,27.47,95,1
250,50.6,66,1
1025,34.12,86,1
1026,33.23,72,1
397,32.73,66,0
945,26.2,95,1
623,27.73,98,1
252,50.87,68,1
1028,33.84,85,1
1026,33.42,73,1
397,32.12,66,0
65,31.36,69,0
37,37.65,89,0
33,44.65,95,0
33,52.81,41,0
1016,59.13,34,1
818,59.67,25,1
818,55.12,26,1
37,25.61,95,0
39,25.76,98,0
37,25.83,95,0
30,25.18,95,0
30,25.41,95,0
37,25.51,95,0
38,25.52,97,0
990,26.61,95,1
941,26.15,99,1
960,25.95,95,1
890,27.5,95,1
840,50.27,65,1
830,34.0,83,1
870,33.46,70,1
750,32.8,66,0
760,26.83,95,1
740,27.04,95,1
650,49.86,65,1
630,33.59,83,1
1024,33.77,70,1
400,32.66,68,0
68,31.48,71,0
33,37.13,88,0
33,44.0,95,0
36,52.75,42,0
1013,58.99,33,1
818,59.53,25,1
818,55.1,26,1
36,24.99,95,0
990,26.54,95,1
942,26.64,98,1
960,26.24,95,1
893,26.58,97,1
840,50.13,65,1
830,33.5,83,1
870,33.83,70,1
752,33.18,70,0
760,25.9,95,1
740,26.88,95,1
650,49.92,65,1
630,33.38,83,1
1026,32.93,71,1
399,32.65,69,0
64,31.6,67,0
36,37.51,91,0
37,44.21,97,0
35,53.38,42,0
1017,59.18,36,1
818,60.08,25,1
818,54.98,26,1
323,48.06,62,1
340,49.21,54,1
350,46.63,60,1
28,24.99,95,0
28,25.38,95,0
36,25.7,95,0
40,25.22,98,0
36,25.59,95,0
40,24.82,98,0
39,25.66,99,0
36,25.52,98,0
28,25.33,95,0
38,25.73,98,0
34,25.75,95,0
34,25.46,95,0
36,25.03,95,0
39,25.87,99,0
51,25.18,95,0
41,25.14,95,0
38,25.37,95,0
37,25.03,95,0
38,25.27,96,0
36,24.7,95,0
177,25.26,95,0
216,25.09,95,0
807,24.92,95,1
39,24.98,99,0
42,25.26,97,0
31,25.35,95,0
257,24.85,95,0
410,45.49,50,1
390,55.55,55,1
365,47.99,58,1
320,25.49,95,0
145,25.11,95,0
230,24.8,95,0
450,25.57,95,0
320,24.98,95,0
38,25.04,95,0
31,25.7,95,0
38,25.86,95,0
42,25.17,99,0
38,25.89,95,0
868,25.56,95,1
70,25.21,95,0
916,25.98,95,1
993,25.88,96,1
944,26.21,97,1
960,26.34,95,1
890,27.22,95,1
840,50.28,65,1
830,33.56,83,1
874,34.2,71,1
752,32.83,70,0
760,26.87,95,1
740,27.15,95,1
650,50.63,65,1
630,33.91,83,1
1027,33.44,71,1
397,33.05,66,0
66,31.15,71,0
34,38.11,91,0
33,44.75,95,0
34,53.23,45,0
1013,59.34,33,1
821,59.7,28,1
818,55.78,26,1
456,26.54,95,0
42,26.07,99,0
40,26.21,95,0
40,26.22,95,0
332,26.07,95,0
445,25.77,95,0
110,25.97,95,0
95,26.1,95,0
43,26.12,96,0
32,26.06,95,0
41,25.43,96,0
23,25.92,95,0
450,49.18,65,1
320,48.02,60,1
990,26.44,95,1
943,26.01,99,1
960,26.11,95,1
890,27.14,95,1
840,50.33,65,1
830,33.72,83,1
870,33.93,70,1
753,32.73,68,0
763,26.1,98,1
743,27.75,96,1
653,50.34,66,1
630,33.82,83,1
1024,33.6,70,1
401,33.41,67,0
64,30.91,67,0
37,38.27,89,0
33,44.24,95,0
33,53.63,41,0
1014,59.86,37,1
818,59.43,25,1
818,55.88,26,1
650,56.27,65,1
630,57.14,50,1
691,57.02,47,1
750,58.27,65,1
650,43.7,60,1
630,52.13,70,1
890,50.46,80,1
980,47.03,85,1
960,46.7,75,1
920,44.83,60,1
1024,26.69,60,1
903,26.16,65,1
82,26.62,65,0
157,26.68,75,0
727,26.65,75,1
290,26.55,95,0
533,26.33,95,0
50,26.19,95,0
593,26.17,97,1
968,26.41,98,1
914,26.13,95,1
33,26.66,95,0
32,32.96,95,0
32,41.8,66,0
741,42.64,62,1
40,43.24,45,0
40,41.49,58,0
934,43.59,43,1
640,40.97,43,1
928,45.95,58,1
104,49.34,38,0
37,46.13,37,0
37,43.38,38,0
45,40.48,47,0
69,36.9,47,0
41,35.76,51,0
60,34.51,56,0
55,33.12,59,0
51,31.87,62,0
60,30.81,65,0
42,30.81,68,0
92,29.65,74,0
64,28.91,75,0
61,28.56,79,0
955,28.91,83,1
34,28.69,87,0
58,27.74,89,0
52,28.21,95,0
36,28.62,95,0
70,53.15,80,0
38,30.36,55,0
45,29.4,50,0
40,29.33,53,0
38,28.14,50,0
46,28.18,53,0
43,28.08,50,0
38,28.12,54,0
45,27.42,51,0
37,26.75,50,0
37,26.72,50,0
37,26.89,55,0
37,27.13,55,0
43,26.75,55,0
47,25.73,58,0
46,26.71,59,0
47,26.86,58,0
47,26.8,58,0
40,26.59,96,0
43,25.89,95,0
812,45.48,42,1
900,41.27,46,1
786,39.07,50,1
604,37.4,53,1
907,35.7,56,1
832,34.52,61,1
62,33.12,64,0
64,32.56,66,0
64,31.31,70,0
75,31.06,73,0
56,30.82,75,0
64,30.08,79,0
65,30.13,82,0
62,28.93,86,0
52,28.85,89,0
60,29.37,92,0
64,28.76,93,0
58,28.32,93,0
55,28.0,95,0
561,24.94,96,0
570,25.48,95,0
621,25.25,96,1
650,25.04,95,1
630,24.66,95,1
700,25.32,95,1
783,24.43,98,1
740,24.78,95,1
240,29.4,50,0
650,26.79,82,1
206,45.43,87,1
173,46.03,87,1
183,47.24,97,1
177,46.46,75,1
175,47.47,74,1
172,46.25,78,1
171,47.17,80,1
161,46.07,85,1
168,49.04,65,1
166,52.43,55,1
651,26.5,84,1
206,45.03,87,1
173,46.69,87,1
185,46.47,95,1
177,47.06,75,1
175,46.87,74,1
172,45.55,78,1
175,46.4,83,1
161,46.16,85,1
168,49.5,65,1
166,51.96,55,1
142,53.58,93,1
137,50.79,94,1
720,24.94,94,1
654,25.15,94,1
680,24.81,94,1
750,24.83,94,1
700,25.26,94,1
464,54.38,94,1
201,25.34,95,0
730,25.38,95,1
1024,24.74,95,1
211,42.69,62,1
450,43.05,66,1
69,48.64,68,1
50,51.94,69,1
48,50.54,71,1
49,54.37,74,1
52,53.63,73,1
45,51.84,74,1
45,49.99,75,1
720,25.74,94,1
654,25.11,94,1
680,24.65,94,1
754,25.51,96,1
700,24.82,94,1
464,53.98,94,1
1028,32.9,73,1
397,32.17,66,0
67,30.83,69,0
310,37.18,85,0
1021,42.24,73,1
1024,46.49,42,1
48,44.93,39,0
1024,41.72,40,1
868,39.34,42,1
1024,37.34,44,1
41,34.98,49,0
46,33.98,52,0
39,32.58,54,0
38,31.42,58,0
38,30.86,55,0
45,29.49,50,0
40,28.35,51,0
39,28.3,54,0
44,27.67,53,0
43,27.56,50,0
41,27.02,54,0
43,27.47,50,0
38,27.23,52,0
37,26.63,50,0
37,27.01,55,0
37,27.12,55,0
46,26.76,56,0
46,26.12,59,0
45,26.4,58,0
44,26.08,56,0
46,26.06,57,0
37,25.85,95,0
43,25.92,95,0
43,49.77,95,1
37,49.2,95,1
43,49.32,95,1
46,49.12,95,1
46,49.35,95,1
46,25.86,95,0
46,25.66,95,0
46,25.64,95,0
44,25.52,97,0
42,25.52,95,0
46,25.48,99,0
45,24.93,96,0
42,25.28,95,0
44,25.54,99,0
41,25.62,95,0
43,25.24,96,0
42,25.22,95,0
42,24.84,95,0
42,25.66,95,0
43,25.11,95,0
36,24.84,95,0
41,25.13,95,0
41,25.59,95,0
45,25.36,96,0
169,47.79,95,1
1024,25.32,95,1
55,25.27,95,0
1024,25.27,95,1
1024,25.19,95,1
70,25.07,95,0
1027,25.25,97,1
1024,25.15,95,1
1024,25.36,95,1
46,24.97,95,0
154,49.87,95,1
82,25.97,65,0
157,26.77,75,0
729,25.64,76,1
290,25.83,95,0
570,25.03,95,0
38,30.88,55,0
45,29.17,50,0
38,28.98,50,0
39,28.17,54,0
43,28.42,50,0
43,27.75,50,0
37,27.27,50,0
43,27.51,50,0
37,27.4,50,0
37,26.65,50,0
37,26.57,55,0
37,26.6,55,0
43,26.42,55,0
44,25.54,58,0
43,26.27,55,0
45,26.15,57,0
47,26.02,57,0
37,25.59,95,0
43,25.96,95,0
397,32.34,66,0
64,31.29,67,0
33,37.45,88,0
33,44.25,95,0
34,54.0,42,0
1013,59.64,33,1
818,60.29,25,1
818,55.69,26,1
650,49.81,95,1
630,49.07,95,1
623,49.82,98,1
690,49.19,95,1
700,49.96,95,1
780,49.65,95,1
790,49.22,95,1
750,49.2,95,1
740,49.62,95,1
620,49.41,95,1
900,49.45,95,1
920,49.93,95,1
980,25.59,95,1
1010,49.84,95,1
630,49.57,95,1
694,50.12,97,1
780,49.56,95,1
790,49.34,95,1
740,49.47,95,1
750,25.67,95,1
761,25.75,99,1
660,26.08,95,1
650,25.69,95,1
640,26.14,95,1
630,25.45,95,1
610,25.53,95,1
650,26.03,95,1
690,26.27,95,1
780,25.33,95,1
790,26.03,95,1
740,26.26,95,1
750,25.89,95,1
850,25.71,95,1
860,26.02,95,1
890,25.36,95,1
950,25.86,95,1
940,25.96,95,1
990,25.56,95,1
980,45.62,65,1
560,25.59,95,0
570,25.46,95,0
620,25.13,95,1
650,25.36,95,1
634,24.48,97,1
700,25.43,95,1
780,24.79,95,1
740,24.54,95,1
762,25.03,95,1
756,25.01,96,1
760,25.43,95,1
850,25.73,95,1
844,26.15,99,1
890,26.32,95,1
950,26.08,95,1
960,26.8,95,1
945,26.75,95,1
620,26.87,95,1
250,50.89,69,1
1024,33.8,83,1
1026,34.08,74,1
397,32.42,66,0
949,25.99,97,1
620,27.06,95,1
249,50.65,65,1
1025,34.04,86,1
1027,34.21,71,1
398,32.45,70,0
64,31.04,67,0
33,37.74,88,0
34,44.09,96,0
35,53.73,42,0
1015,59.46,34,1
820,59.29,27,1
818,55.16,26,1
35,24.82,97,0
33,25.09,95,0
33,25.79,95,0
33,25.47,95,0
36,25.39,97,0
35,25.47,98,0
33,25.57,95,0
33,25.2,95,0
33,25.34,95,0
951,26.88,98,1
963,26.21,97,1
948,26.07,97,1
621,27.33,99,1
249,50.3,65,1
1024,33.42,83,1
1025,34.36,72,1
397,32.71,66,0
947,25.8,99,1
620,27.57,95,1
249,49.91,65,1
1024,33.63,83,1
1025,33.68,71,1
397,32.64,66,0
68,31.78,69,0
33,37.75,88,0
33,44.01,95,0
33,53.78,41,0
1017,59.73,37,1
818,59.38,25,1
820,55.61,28,1
37,25.37,95,0
38,24.98,97,0
38,25.38,98,0
30,25.81,95,0
30,25.68,95,0
40,25.58,98,0
37,25.12,95,0
994,26.19,98,1
940,26.14,95,1
960,26.3,95,1
890,26.81,95,1
840,50.43,65,1
830,33.6,83,1
870,33.4,70,1
750,32.44,66,0
762,26.14,96,1
744,27.26,98,1
650,50.34,65,1
630,33.42,83,1
1024,33.33,70,1
397,32.63,66,0
64,31.18,67,0
33,37.18,88,0
33,43.93,95,0
37,53.37,45,0
1013,58.83,33,1
818,59.73,25,1
818,54.92,26,1
36,25.77,95,0
990,25.89,95,1
940,27.0,95,1
961,26.79,97,1
890,27.59,95,1
840,49.94,65,1
832,33.32,85,1
870,33.39,70,1
750,33.07,66,0
760,26.56,95,1
744,27.56,98,1
650,50.6,65,1
630,33.7,83,1
1024,33.81,70,1
398,33.19,70,0
66,31.53,68,0
33,37.54,88,0
35,44.23,96,0
33,53.7,41,0
1013,59.13,33,1
820,59.72,29,1
818,55.73,26,1
323,47.56,61,1
340,48.73,54,1
350,46.99,60,1
28,24.95,95,0
28,25.44,95,0
40,25.51,98,0
36,24.98,95,0
38,25.82,99,0
40,25.5,97,0
39,25.74,99,0
36,25.51,97,0
28,25.29,95,0
34,25.52,95,0
36,25.83,97,0
34,25.73,95,0
38,25.1,97,0
40,26.1,99,0
51,24.67,95,0
41,25.06,95,0
38,24.48,95,0
37,24.9,95,0
37,24.84,95,0
36,24.91,95,0
177,24.87,95,0
216,24.85,95,0
807,24.81,95,1
38,25.17,95,0
38,24.73,95,0
31,25.64,95,0
257,25.08,95,0
410,45.61,50,1
390,55.35,55,1
365,47.88,58,1
320,25.79,95,0
145,24.91,95,0
230,25.39,95,0
450,25.3,95,0
320,25.55,95,0
40,25.47,97,0
31,25.68,95,0
39,25.44,97,0
38,25.44,95,0
39,26.11,98,0
868,25.7,95,1
70,25.35,95,0
920,25.81,99,1
990,26.55,95,1
944,26.36,97,1
960,26.14,95,1
891,26.68,99,1
840,50.78,65,1
830,33.37,83,1
870,33.76,70,1
750,32.45,66,0
763,26.15,99,1
740,26.9,95,1
650,50.39,65,1
630,34.29,83,1
1024,34.18,70,1
398,32.38,67,0
64,31.89,67,0
33,38.04,88,0
33,44.21,95,0
33,53.45,41,0
1013,58.84,33,1
818,59.68,25,1
819,55.68,30,1
456,26.1,95,0
44,25.46,99,0
42,25.65,98,0
41,26.12,97,0
332,25.69,95,0
445,25.82,95,0
110,26.44,95,0
95,25.87,95,0
40,26.19,95,0
32,26.35,95,0
40,26.1,95,0
23,26.36,95,0
450,49.25,65,1
320,48.54,60,1
990,26.11,95,1
940,26.25,95,1
960,26.68,95,1
890,27.04,95,1
840,50.57,65,1
830,34.27,83,1
874,33.59,72,1
750,33.05,66,0
760,26.75,95,1
740,27.61,95,1
650,50.79,65,1
631,34.17,86,1
1027,33.14,71,1
397,32.79,66,0
66,31.64,71,0
33,37.51,88,0
37,43.82,97,0
33,53.47,41,0
1017,58.63,34,1
819,59.71,29,1
818,55.86,26,1
650,56.18,65,1
630,57.02,50,1
694,57.06,46,1
750,58.47,65,1
653,43.34,63,1
630,52.6,70,1
890,50.43,80,1
980,46.66,85,1
960,46.8,75,1
920,45.05,60,1
1024,26.24,60,1
903,26.79,65,1
82,26.85,65,0
157,26.15,75,0
727,25.9,75,1
290,26.61,95,0
533,26.61,95,0
50,26.66,95,0
594,25.59,96,1
967,25.96,96,1
914,26.52,95,1
33,26.19,95,0
32,32.74,95,0
32,41.35,66,0
741,42.37,62,1
44,42.29,49,0
40,41.68,58,0
934,43.96,43,1
640,41.48,43,1
928,46.29,58,1
104,49.48,38,0
37,46.53,37,0
37,43.15,38,0
44,39.93,45,0
69,37.66,47,0
41,35.77,51,0
60,34.46,56,0
55,33.13,59,0
51,31.86,62,0
60,31.8,65,0
42,30.56,68,0
90,30.07,71,0
64,29.4,75,0
61,28.88,79,0
955,28.86,83,1
34,28.82,87,0
58,28.59,89,0
52,27.63,95,0
36,28.48,95,0
70,53.12,80,0
38,30.8,55,0
45,29.24,50,0
38,28.64,50,0
38,28.09,50,0
47,28.01,52,0
43,27.65,50,0
37,27.05,50,0
46,27.5,54,0
38,26.97,51,0
37,27.42,50,0
37,27.34,55,0
37,26.22,55,0
46,25.95,58,0
43,26.26,55,0
45,26.82,58,0
44,25.61,57,0
43,26.25,55,0
39,25.73,98,0
45,25.8,97,0
812,44.51,42,1
900,41.91,46,1
786,39.34,50,1
604,37.67,53,1
907,35.37,56,1
831,34.65,60,1
62,33.06,64,0
64,33.06,66,0
64,31.47,70,0
79,31.15,74,0
56,30.17,75,0
64,30.03,79,0
65,29.25,82,0
62,28.99,86,0
52,29.19,89,0
60,29.35,92,0
64,28.77,93,0
58,28.74,93,0
55,27.9,95,0
560,25.48,95,0
570,24.64,95,0
620,25.09,95,1
650,25.37,95,1
630,24.68,95,1
700,25.4,95,1
782,24.64,98,1
740,25.44,95,1
242,29.47,51,0
230,29.26,55,0
223,28.25,55,0
221,27.29,58,0
211,27.35,55,0
211,26.46,57,0
202,27.26,50,0
962,26.19,98,1
947,26.14,97,1
620,26.71,95,1
249,50.55,65,1
1024,33.76,83,1
1024,33.23,70,1
397,32.95,66,0
64,31.34,67,0
33,37.35,88,0
33,44.66,95,0
33,53.51,41,0
1016,58.39,35,1
821,59.84,28,1
818,55.09,26,1
240,29.34,50,0
230,28.91,55,0
223,29.14,55,0
218,27.64,55,0
211,26.96,55,0
211,27.09,59,0
206,26.86,51,0
42,30.93,56,0
45,29.2,50,0
38,28.65,50,0
38,28.01,50,0
43,28.33,50,0
43,28.1,50,0
37,27.74,50,0
43,26.99,50,0
40,27.21,52,0
39,26.73,51,0
37,27.38,55,0
37,26.36,55,0
43,26.54,55,0
45,26.59,58,0
47,26.16,57,0
45,26.64,58,0
44,26.01,56,0
37,26.07,95,0
46,26.02,99,0
620,25.0,95,1
650,24.82,95,1
630,24.91,95,1
704,24.8,96,1
780,24.51,95,1
740,24.5,95,1
762,25.48,95,1
755,25.65,95,1
760,25.46,95,1
852,25.65,97,1
621,24.44,98,1
650,24.73,95,1
633,25.22,99,1
700,25.59,95,1
780,25.23,95,1
740,25.23,95,1
762,24.57,95,1
755,25.8,95,1
760,25.73,95,1
850,26.27,95,1
840,26.34,95,1
894,26.37,98,1
950,26.72,95,1
960,26.69,95,1
945,26.78,95,1
620,26.84,95,1
249,49.96,65,1
1024,33.95,83,1
1025,33.77,73,1
624,24.53,97,1
650,25.56,95,1
630,25.51,95,1
700,24.61,95,1
780,25.39,95,1
743,25.16,99,1
762,24.68,95,1
755,25.25,95,1
760,25.97,95,1
850,26.32,95,1
840,25.88,95,1
890,26.09,95,1
950,26.59,95,1
960,26.31,95,1
946,26.43,99,1
620,27.1,95,1
250,50.25,67,1
1024,33.96,83,1
1024,34.05,70,1
622,24.97,98,1
650,24.93,95,1
630,25.29,95,1
700,25.05,95,1
780,24.5,95,1
742,25.48,98,1
762,24.71,95,1
755,25.96,95,1
763,26.02,98,1
850,25.98,95,1
620,25.57,95,1
650,24.88,95,1
634,25.33,98,1
701,25.6,98,1
780,24.84,95,1
741,25.1,99,1
762,25.32,95,1
755,25.74,95,1
760,25.78,95,1
852,26.26,98,1
844,25.86,97,1
890,26.5,95,1
950,25.91,95,1
960,26.72,95,1
945,26.06,95,1
622,27.83,99,1
252,50.61,67,1
1028,34.57,84,1
1024,34.14,70,1
570,25.45,95,0
620,24.9,95,1
651,25.08,98,1
630,24.87,95,1
700,25.3,95,1
780,25.4,95,1
740,24.62,95,1
242,29.79,52,0
230,28.38,55,0
223,29.16,55,0
218,27.63,55,0
211,26.71,55,0
207,27.27,55,0
202,27.38,50,0
960,26.23,95,1
945,26.27,95,1
620,26.99,95,1
249,50.66,65,1
1024,33.64,83,1
1024,34.1,70,1
397,32.4,66,0
64,31.1,67,0
33,37.44,88,0
33,44.57,95,0
33,53.29,41,0
1013,59.53,33,1
819,60.26,27,1
818,55.08,26,1
240,29.28,50,0
230,28.92,55,0
223,28.83,55,0
218,27.88,55,0
211,27.36,55,0
207,26.85,55,0
202,26.89,50,0
38,30.26,55,0
45,29.58,50,0
38,29.24,50,0
38,28.23,50,0
43,28.21,50,0
43,27.5,50,0
37,27.87,50,0
47,27.54,53,0
37,27.55,50,0
37,26.9,50,0
37,26.81,55,0
37,26.85,55,0
43,26.69,55,0
43,26.56,55,0
46,26.47,58,0
46,25.91,59,0
45,25.92,57,0
37,26.12,95,0
43,26.32,95,0
654,26.91,85,1
206,44.91,87,1
173,46.66,87,1
181,46.94,93,1
177,47.13,75,1
175,46.74,74,1
172,45.95,78,1
172,47.23,83,1
161,45.79,85,1
168,49.56,65,1
166,52.03,55,1
650,26.84,82,1
206,45.25,87,1
173,45.81,87,1
181,47.44,93,1
177,46.83,75,1
175,47.0,74,1
172,46.24,78,1
171,46.47,80,1
161,46.23,85,1
168,49.78,65,1
166,52.45,55,1
142,53.52,93,1
137,50.76,94,1
720,25.2,94,1
654,25.0,94,1
680,24.89,94,1
750,25.4,94,1
700,25.53,94,1
464,53.76,94,1
201,25.41,95,0
730,25.1,95,1
1024,24.47,95,1
211,42.16,62,1
452,43.56,67,1
69,48.93,68,1
50,51.98,69,1
48,50.65,71,1
46,54.42,72,1
52,53.03,73,1
45,52.18,74,1
45,49.93,75,1
720,25.59,94,1
654,25.17,94,1
680,25.39,94,1
750,24.64,94,1
700,25.48,94,1
464,53.78,94,1
720,25.15,94,1
655,25.57,95,1
680,25.48,94,1
751,25.2,98,1
700,25.37,94,1
464,53.88,94,1
201,24.69,95,0
730,24.83,95,1
1024,24.8,95,1
211,42.7,62,1
453,43.53,70,1
69,48.57,68,1
50,51.26,69,1
48,50.44,71,1
46,54.55,72,1
52,53.04,73,1
45,52.36,74,1
45,50.16,75,1
720,25.13,94,1
655,25.24,95,1
680,25.37,94,1
750,24.96,94,1
700,25.47,94,1
467,54.07,97,1
1028,33.34,72,1
399,33.19,70,0
64,31.43,67,0
310,37.42,85,0
1021,42.06,73,1
1024,46.65,42,1
48,44.82,39,0
1024,41.57,40,1
868,38.62,42,1
1024,36.88,44,1
41,34.4,49,0
46,33.57,52,0
39,32.49,54,0
38,31.19,58,0
38,30.77,55,0
45,29.26,50,0
42,28.29,51,0
41,29.04,53,0
43,28.55,50,0
43,28.27,50,0
39,27.83,51,0
43,26.9,50,0
40,27.72,54,0
37,27.33,50,0
40,26.97,56,0
37,26.53,55,0
45,26.11,57,0
43,26.65,55,0
43,26.58,55,0
43,26.29,55,0
43,25.74,55,0
37,26.14,95,0
46,25.75,96,0
43,49.41,95,1
37,49.78,95,1
43,49.48,95,1
46,49.01,95,1
46,49.44,95,1
46,25.44,95,0
46,25.4,95,0
46,26.19,95,0
44,25.15,97,0
43,26.29,96,0
46,24.8,97,0
45,24.71,96,0
42,24.91,95,0
45,25.84,99,0
42,25.69,99,0
42,25.13,95,0
405,38.8,95,0
122,36.65,67,0
310,36.77,81,0
207,39.36,49,0
1024,37.36,48,1
76,35.51,48,0
433,35.22,56,0
46,31.56,59,0
590,29.94,64,1
620,30.16,66,1
650,29.36,71,1
690,28.59,73,1
730,28.77,77,1
760,28.18,60,1
782,27.82,60,1
730,27.0,60,1
710,27.28,65,1
685,26.61,65,1
800,26.63,65,1
850,26.2,65,1
890,26.4,65,1
910,26.35,65,1
930,26.05,65,1
875,25.69,50,1
860,25.75,50,1
850,26.0,65,1
980,26.05,65,1
960,25.8,65,1
910,25.22,65,1
820,25.61,50,1
745,44.69,50,1
43,25.24,95,0
720,49.83,55,1
450,25.51,95,0
420,25.4,95,0
430,25.48,95,0
410,25.69,95,0
350,25.46,95,0
550,25.58,95,0
560,25.37,95,0
570,25.16,95,0
620,25.02,95,1
650,25.28,95,1
630,25.28,95,1
700,24.66,95,1
780,24.81,95,1
740,25.01,95,1
762,25.49,95,1
755,25.45,95,1
760,26.02,95,1
850,25.83,95,1
840,26.62,95,1
890,25.99,95,1
950,26.02,95,1
960,26.08,95,1
948,26.06,96,1
620,27.34,95,1
249,50.15,65,1
1024,33.73,83,1
1025,34.5,71,1
398,32.75,67,0
65,32.19,69,0
310,36.88,85,0
1021,42.5,73,1
1024,46.72,42,1
48,45.59,39,0
1024,42.17,40,1
868,39.03,42,1
1027,38.14,48,1
41,34.41,49,0
46,33.04,52,0
39,32.64,54,0
38,31.18,58,0
38,30.33,55,0
45,29.77,50,0
38,29.2,50,0
38,28.47,50,0
44,27.78,51,0
43,27.66,50,0
37,27.77,50,0
46,27.52,53,0
37,26.78,50,0
37,26.94,50,0
37,26.59,55,0
37,27.05,55,0
45,26.35,58,0
45,26.01,58,0
45,26.94,57,0
46,26.3,59,0
45,26.16,59,0
37,26.31,95,0
43,26.09,95,0
43,49.74,95,1
37,49.99,95,1
43,49.97,95,1
46,49.75,95,1
46,49.08,95,1
46,25.43,95,0
46,26.17,95,0
46,25.77,95,0
42,25.4,95,0
42,25.76,95,0
42,25.94,95,0
42,24.93,95,0
44,24.68,97,0
46,25.34,98,0
41,25.05,95,0
42,24.82,95,0
42,25.59,95,0
42,25.1,95,0
42,25.61,95,0
44,25.48,96,0
36,24.74,95,0
41,25.27,95,0
43,25.25,97,0
43,25.05,98,0
169,47.91,95,1
1026,25.51,97,1
55,24.79,95,0
1024,25.59,95,1
1024,25.28,95,1
70,25.02,95,0
1025,25.39,97,1
1024,25.66,95,1
1025,25.29,97,1
46,25.18,95,0
154,49.4,95,1
61,29.94,95,0
61,31.56,95,0
123,35.34,76,0
1024,35.61,70,1
169,33.86,65,0
42,36.06,83,0
207,52.65,62,1
984,33.94,60,1
1024,37.23,48,1
76,35.3,48,0
430,34.33,54,0
46,32.13,59,0
590,30.06,64,1
620,29.32,66,1
650,29.11,71,1
690,28.36,73,1
730,28.58,77,1
760,28.31,80,1
782,27.24,83,1
730,27.43,88,1
710,27.1,95,1
685,26.76,95,1
800,26.43,95,1
850,26.95,95,1
890,26.2,95,1
910,26.34,95,1
930,25.89,95,1
875,26.29,95,1
860,26.27,95,1
850,25.51,95,1
980,25.36,95,1
960,25.19,95,1
910,25.41,95,1
820,25.06,95,1
745,44.65,55,1
43,25.21,95,0
720,50.14,55,1
450,25.34,95,0
420,24.84,95,0
430,25.2,95,0
410,25.34,95,0
350,25.06,95,0
550,24.62,95,0
560,25.18,95,0
570,25.2,95,0
620,24.76,95,1
650,24.99,95,1
630,25.01,95,1
700,24.92,95,1
780,25.1,95,1
740,24.64,95,1
762,24.97,95,1
757,25.38,98,1
763,25.39,96,1
850,26.21,95,1
840,26.33,95,1
893,26.39,97,1
951,26.09,97,1
960,27.0,95,1
945,26.1,95,1
621,27.62,99,1
249,49.86,65,1
1026,34.01,84,1
1024,33.44,70,1
42,24.51,96,0
41,25.12,96,0
38,24.76,95,0
38,24.85,95,0
38,24.52,95,0
43,25.13,95,0
42,24.28,95,0
45,24.81,98,0
41,25.07,95,0
45,24.98,96,0
45,25.09,95,0
42,24.77,95,0
44,25.09,99,0
33,24.4,95,0
41,25.11,95,0
41,24.82,95,0
40,24.64,95,0
40,24.44,95,0
40,25.2,95,0
40,25.02,95,0
40,24.56,95,0
40,24.68,95,0
1024,36.85,48,1
76,35.1,48,0
430,34.39,54,0
